Ontology	NodeCount	EdgeCount		biolink:NamedThing	biolink:OntologyClass	biolink:BiologicalProcess	biolink:Cell	biolink:CellularComponent	biolink:ChemicalSubstance	biolink:Disease	biolink:Event	biolink:ExposureEvent	biolink:Gene	biolink:MolecularActivity	biolink:NamedThing	biolink:OntologyClass	biolink:OrganismalEntity	biolink:Pathway	biolink:PhenotypicFeature	biolink:Protein	biolink:SequenceFeature	biolink:SexQualifier	biolink:Source	biolink:TaxonomicRank	biolink:Unit	biolink:AnatomicalEntity	biolink:related_to	biolink:subclass_of	biolink:part_of	biolink:inverseOf	biolink:subPropertyOf	biolink:has_part	biolink:has_participant	biolink:has_unit	biolink:preceded_by	biolink:has_attribute	biolink:positively_regulates	biolink:negatively_regulates
ABA-AMB	916	914		0	0	0	0	0	0	0	0	913	3	0	0	913	0	0	3	0	0	0	0	0	0	0		0	0	0	0	0	0	1	0	913	0	0	0
ABD	1446	2019		0	0	0	0	0	0	0	0	1445	1	0	0	1445	0	0	1	0	0	0	0	0	0	0		0	0	0	0	0	0	0	0	2019	0	0	0
ACESO	297	431		0	0	0	0	0	0	0	0	296	1	0	0	296	0	0	1	0	0	0	0	0	0	0		0	0	0	0	0	0	0	0	431	0	0	0
ACGT-MO	2047	2129		0	0	0	0	0	0	0	0	1841	206	0	0	1841	0	0	206	0	0	0	0	0	0	0		0	0	0	0	0	103	114	0	1775	51	0	0
AD-DROP	95	99		0	0	0	0	0	0	0	0	93	2	0	0	93	0	0	2	0	0	0	0	0	0	0		0	0	0	0	0	0	0	0	25	12	0	0
ADALAB	604	567		0	0	0	0	0	0	0	177	418	1	0	0	418	0	0	1	1	2	5	0	0	0	0		0	0	0	0	0	58	16	0	483	0	1	1
ADALAB-META	234	161		0	0	0	0	0	0	0	0	200	34	0	0	200	0	0	34	0	0	0	0	0	0	0		0	0	0	0	0	61	6	0	82	2	0	0
ADAR	3024	1869		0	0	0	0	0	0	0	0	3016	8	0	0	3016	0	0	8	0	0	0	0	0	0	0		0	0	0	0	0	11	1	0	806	440	0	0
ADCAD	70	67		0	0	0	0	0	0	0	0	69	1	0	0	69	0	0	1	0	0	0	0	0	0	0		0	0	0	0	0	0	0	0	67	0	0	0
ADHER_INTCARE_EN	276	276		0	0	0	0	0	0	0	0	264	12	0	0	264	0	0	12	0	0	0	0	0	0	0		0	0	0	0	0	1	5	0	270	0	0	0
ADHER_INTCARE_SP	276	276		0	0	0	0	0	0	0	0	265	11	0	0	265	0	0	11	0	0	0	0	0	0	0		0	0	0	0	0	0	5	0	271	0	0	0
ADMIN	126	124		0	0	0	0	0	0	0	0	116	10	0	0	116	0	0	10	0	0	0	0	0	0	0		0	0	0	0	0	5	4	0	43	0	0	0
ADMO	10960	12710		0	0	0	0	0	0	0	0	10959	1	0	0	10959	0	0	1	0	0	0	0	0	0	0		0	0	0	0	0	10	4	0	12696	0	0	0
ADO	1578	1614		0	0	0	0	0	0	0	0	1578	0	0	0	1578	0	0	0	0	0	0	0	0	0	0		0	0	0	0	0	1	1	0	1612	0	0	0
ADW	384	369		0	0	0	0	0	0	0	0	383	1	0	0	383	0	0	1	0	0	0	0	0	0	0		0	0	0	0	0	0	0	0	366	0	0	0
AEO	269	346		0	0	0	0	0	0	71	0	197	1	0	0	197	0	0	1	0	0	0	0	0	0	0		0	0	0	0	0	0	0	0	267	79	0	0
AERO	631	783		0	0	0	0	0	0	0	0	619	5	0	0	619	0	0	5	0	0	0	0	7	0	0		0	0	1	11	40	32	20	0	508	129	0	0
AFO	4681	7474		0	0	0	0	20	0	0	0	4656	4	0	0	4656	1	0	4	0	0	0	0	0	0	0		3	1	0	6	19	301	88	1	3478	2197	0	0
AGRO	4245	6630		0	0	0	0	553	0	0	0	3384	37	0	0	3384	236	0	37	0	0	0	0	35	0	0		283	0	4	81	325	183	42	41	4845	198	0	0
AGROCYMAC	167	582		0	0	0	0	0	0	0	0	160	7	0	0	160	0	0	7	0	0	0	0	0	0	0		0	0	0	0	0	0	3	0	13	420	0	0
AGROMOP	71	133		0	0	0	0	0	0	0	0	66	5	0	0	66	0	0	5	0	0	0	0	0	0	0		0	0	0	0	0	0	2	0	9	64	0	0
AHOL	343	426		0	0	0	0	0	0	0	0	340	3	0	0	340	0	0	3	0	0	0	0	0	0	0		0	0	0	0	0	1	0	0	425	0	0	0
AHSO	79	52		0	0	0	0	0	0	0	0	77	2	0	0	77	0	0	2	0	0	0	0	0	0	0		0	0	0	0	0	7	7	0	38	0	0	0
AI-RHEUM	842	2026		0	0	0	0	0	0	0	0	841	1	0	0	841	0	0	1	0	0	0	0	0	0	0		0	0	0	0	0	15	4	0	1324	683	0	0
AISM	3727	8867		19	0	0	0	69	72	415	416	1188	1	0	0	1188	36	7	1	56	4	0	0	1516	0	0		28	9	0	0	444	246	52	98	5821	953	93	93
ALLERGYDETECTOR	181	489		0	0	0	0	0	0	0	0	173	8	0	0	173	0	0	8	0	0	0	0	0	0	0		0	0	0	0	0	0	4	0	11	0	0	0
AMINO-ACID	49	60		0	0	0	0	0	0	0	0	48	1	0	0	48	0	0	1	0	0	0	0	0	0	0		0	0	0	0	0	0	0	0	60	0	0	0
AMPHX	412	1030		0	0	0	0	0	0	1	0	408	1	0	0	408	0	0	1	0	0	0	0	2	0	0		0	51	0	0	0	0	0	0	352	0	0	0
AO	291	289		0	0	0	0	0	0	0	0	290	1	0	0	290	0	0	1	0	0	0	0	0	0	0		0	0	0	0	0	0	0	0	289	0	0	0
APACOMPUTER	115	114		0	0	0	0	0	0	0	0	114	1	0	0	114	0	0	1	0	0	0	0	0	0	0		0	0	0	0	0	0	0	0	114	0	0	0
APADISORDERS	823	822		0	0	0	0	0	0	0	0	822	1	0	0	822	0	0	1	0	0	0	0	0	0	0		0	0	0	0	0	0	0	0	822	0	0	0
APAEDUCLUSTER	510	509		0	0	0	0	0	0	0	0	509	1	0	0	509	0	0	1	0	0	0	0	0	0	0		0	0	0	0	0	0	0	0	509	0	0	0
APANEUROCLUSTER	502	501		0	0	0	0	0	0	0	0	501	1	0	0	501	0	0	1	0	0	0	0	0	0	0		0	0	0	0	0	0	0	0	501	0	0	0
APAOCUEMPLOY	449	448		0	0	0	0	0	0	0	0	448	1	0	0	448	0	0	1	0	0	0	0	0	0	0		0	0	0	0	0	0	0	0	448	0	0	0
APAONTO	6038	6037		0	0	0	0	0	0	0	0	6037	1	0	0	6037	0	0	1	0	0	0	0	0	0	0		0	0	0	0	0	0	0	0	6037	0	0	0
APASTATISTICAL	141	140		0	0	0	0	0	0	0	0	140	1	0	0	140	0	0	1	0	0	0	0	0	0	0		0	0	0	0	0	0	0	0	140	0	0	0
APATANDT	209	208		0	0	0	0	0	0	0	0	208	1	0	0	208	0	0	1	0	0	0	0	0	0	0		0	0	0	0	0	0	0	0	208	0	0	0
APATREATMENT	481	480		0	0	0	0	0	0	0	0	480	1	0	0	480	0	0	1	0	0	0	0	0	0	0		0	0	0	0	0	0	0	0	480	0	0	0
APO	634	310		0	0	0	0	0	0	0	0	633	1	0	0	633	0	0	1	0	0	0	0	0	0	0		0	0	0	0	0	0	0	0	310	0	0	0
APOLLO-SV	1949	1930		0	0	0	0	1	0	0	47	1340	5	0	0	1340	547	0	5	0	0	0	0	9	0	0		0	1	1	10	42	97	22	0	1703	34	0	0
ARCRC	207	158		0	0	0	0	0	0	0	0	206	1	0	0	206	0	0	1	0	0	0	0	0	0	0		0	0	0	0	0	16	4	0	135	0	0	0
ARO	6472	10216		0	0	0	0	0	0	0	0	6467	1	0	0	6467	0	0	1	0	0	0	1	3	0	0		0	0	0	0	0	0	0	0	6545	3671	0	0
ASDPTO	286	284		0	0	0	0	0	0	0	0	285	1	0	0	285	0	0	1	0	0	0	0	0	0	0		0	0	0	0	0	0	0	0	284	0	0	0
ASPECT	155	146		0	0	0	0	0	0	0	0	154	1	0	0	154	0	0	1	0	0	0	0	0	0	0		0	0	0	0	0	0	0	0	2	0	0	0
ATC	6603	18765		0	0	0	0	0	0	0	0	6602	1	0	0	6602	0	0	1	0	0	0	0	0	0	0		0	0	0	0	0	15	4	0	6566	12180	0	0
ATO	6142	12233		0	0	0	0	0	0	0	0	6141	1	0	0	6141	0	0	1	0	0	0	0	0	0	0		0	0	0	0	0	0	0	0	6135	6098	0	0
ATOL	2354	2438		0	0	0	0	0	0	0	0	2353	1	0	0	2353	0	0	1	0	0	0	0	0	0	0		0	0	0	0	0	0	0	0	2438	0	0	0
AURA	28108	28677		0	0	0	0	0	0	0	0	28102	6	0	0	28102	0	0	6	0	0	0	0	0	0	0		0	0	0	0	0	5	2	0	27956	0	0	0
BAO	11574	8842		0	0	0	0	1429	20	20	93	6382	1	0	0	6382	60	14	1	0	0	0	0	3575	0	0		0	0	0	0	0	78	48	0	8716	0	0	0
BAO-GPCR	954	914		0	0	0	0	0	0	0	15	933	1	0	0	933	0	5	1	0	0	0	0	0	0	0		0	0	0	0	0	8	3	0	903	0	0	0
BCGO	351	434		0	0	0	0	0	0	0	0	315	36	0	0	315	0	0	36	0	0	0	0	0	0	0		0	0	0	0	0	31	2	0	132	100	0	0
BCI-O	484	522		0	0	0	0	0	0	0	0	477	7	0	0	477	0	0	7	0	0	0	0	0	0	0		0	0	0	0	0	227	93	0	200	0	0	0
BCO	722	492		0	0	0	0	4	0	3	0	676	1	0	0	676	34	0	1	1	1	0	0	2	0	0		1	0	0	1	8	99	31	0	272	26	0	0
BCS7	25	22		0	0	0	0	0	0	0	0	24	1	0	0	24	0	0	1	0	0	0	0	0	0	0		0	0	0	0	0	0	0	0	22	0	0	0
BCS8	34	31		0	0	0	0	0	0	0	0	33	1	0	0	33	0	0	1	0	0	0	0	0	0	0		0	0	0	0	0	0	0	0	31	0	0	0
BCTEO	265	522		0	0	0	0	0	0	0	0	264	1	0	0	264	0	0	1	0	0	0	0	0	0	0		0	0	0	0	0	0	0	0	260	262	0	0
BCTT	112	109		0	0	0	0	0	0	0	0	112	0	0	0	112	0	0	0	0	0	0	0	0	0	0		0	0	0	0	0	0	0	0	109	0	0	0
BDO	3693	3637		0	0	0	0	0	0	0	0	3693	0	0	0	3693	0	0	0	0	0	0	0	0	0	0		0	0	0	0	0	0	1	0	3631	5	0	0
BE	447	442		0	0	0	0	0	0	0	0	446	1	0	0	446	0	0	1	0	0	0	0	0	0	0		0	0	0	0	0	0	0	0	442	0	0	0
BFO	54	35		0	0	0	0	0	0	0	0	53	1	0	0	53	0	0	1	0	0	0	0	0	0	0		0	0	0	0	0	0	0	0	35	0	0	0
BHN	2539	2543		0	0	0	0	0	0	0	0	2538	1	0	0	2538	0	0	1	0	0	0	0	0	0	0		0	0	0	0	0	0	0	0	2543	0	0	0
BHO	545	545		0	0	0	0	0	0	0	0	545	0	0	0	545	0	0	0	0	0	0	0	0	0	0		0	0	0	0	0	0	0	0	545	0	0	0
BIBFRAME	408	280		0	0	0	0	0	0	0	0	407	1	0	0	407	0	0	1	0	0	0	0	0	0	0		0	0	0	0	0	58	25	0	197	0	0	0
BIBLIOTEK-O	335	352		0	0	0	0	0	0	0	0	331	4	0	0	331	0	0	4	0	0	0	0	0	0	0		0	0	0	0	0	2	11	0	309	0	0	0
BIFO	109	100		0	0	0	0	0	0	0	0	107	2	0	0	107	0	0	2	0	0	0	0	0	0	0		0	0	0	0	0	14	0	0	86	0	0	0
BIM	162	163		0	0	0	0	0	0	0	0	160	2	0	0	160	0	0	2	0	0	0	0	0	0	0		0	0	0	0	0	1	0	0	124	0	0	0
BIN	179	138		0	0	0	0	0	0	0	0	178	1	0	0	178	0	0	1	0	0	0	0	0	0	0		0	0	0	0	0	0	0	0	138	0	0	0
BIOLINK	717	1014		20	4	1	9	1	1	6	2	710	8	0	0	710	2	3	8	4	1	1	1	4	1	1		0	2	0	5	12	441	129	7	446	85	4	4
BIOMO	1839	1900		0	0	0	0	0	0	0	0	1838	1	0	0	1838	0	0	1	0	0	0	0	0	0	0		0	0	0	0	0	221	84	0	1595	0	0	0
BIOMODELS	232187	259992		0	0	0	0	29195	2966	4459	21388	167260	23	0	0	167260	0	9862	23	0	0	0	0	0	0	0		0	0	0	0	0	31	10	0	225639	34295	0	0
BIPOM	177	223		0	0	0	0	0	1	1	18	144	2	0	0	144	0	12	2	0	0	0	0	0	0	0		0	0	0	0	0	15	10	0	178	15	0	0
BIPON	2544	2686		0	0	0	0	177	22	22	117	2171	2	0	0	2171	0	4	2	0	51	0	0	0	0	0		0	0	0	0	0	19	2	0	1897	0	0	0
BIRNLEX	3581	3580		0	0	0	0	0	0	0	0	3580	1	0	0	3580	0	0	1	0	0	0	0	0	0	0		0	0	0	0	0	0	0	0	3580	0	0	0
BKO	710	838		0	0	0	0	0	0	0	0	708	2	0	0	708	0	0	2	0	0	0	0	0	0	0		0	0	0	0	0	2	0	0	747	54	0	0
BMT	271	292		0	0	0	0	0	0	0	0	271	0	0	0	271	0	0	0	0	0	0	0	0	0	0		0	0	0	0	0	0	6	0	286	0	0	0
BNO	101	112		0	0	0	0	0	0	0	0	100	1	0	0	100	0	0	1	0	0	0	0	0	0	0		0	0	0	0	0	0	0	0	112	0	0	0
BOF	498	614		0	0	0	0	0	0	0	0	493	5	0	0	493	0	0	5	0	0	0	0	0	0	0		0	0	0	0	0	0	0	0	189	158	0	0
BP	80	79		0	0	0	0	0	0	0	0	69	11	0	0	69	0	0	11	0	0	0	0	0	0	0		0	0	0	0	0	8	1	0	70	0	0	0
BP-METADATA	200	171		0	0	0	0	0	0	0	0	187	13	0	0	187	0	0	13	0	0	0	0	0	0	0		0	0	0	0	0	6	7	0	119	18	0	0
BRCT	1662	1658		0	0	0	0	0	0	0	0	1656	6	0	0	1656	0	0	6	0	0	0	0	0	0	0		0	0	0	0	0	5	0	0	1653	0	0	0
BRIDG	8776	10336		0	0	0	0	0	0	0	0	1708	7068	0	0	1708	0	0	7068	0	0	0	0	0	0	0		0	0	0	0	0	1335	341	0	323	8097	0	0
BRO	568	585		0	0	0	0	0	0	0	0	568	0	0	0	568	0	0	0	0	0	0	0	0	0	0		0	0	0	0	0	15	4	0	506	59	0	0
BRO_ACRONYM	567	587		0	0	0	0	0	0	0	0	567	0	0	0	567	0	0	0	0	0	0	0	0	0	0		0	0	0	0	0	15	4	0	504	59	0	0
BRSO	25	24		0	0	0	0	0	0	0	0	24	1	0	0	24	0	0	1	0	0	0	0	0	0	0		0	0	0	0	0	0	0	0	15	0	0	0
BSAO	114	179		0	0	0	0	0	0	0	0	113	1	0	0	113	0	0	1	0	0	0	0	0	0	0		0	0	0	0	0	0	0	0	8	171	0	0
BSPO	369	506		0	0	0	0	0	0	0	0	368	1	0	0	368	0	0	1	0	0	0	0	0	0	0		0	0	0	0	0	140	33	0	244	2	0	0
BT	474	514		0	0	0	0	0	0	0	0	472	2	0	0	472	0	0	2	0	0	0	0	0	0	0		0	0	0	0	0	84	29	0	401	0	0	0
BTO	6597	4698		0	0	0	0	0	0	0	0	6596	1	0	0	6596	0	0	1	0	0	0	0	0	0	0		0	0	0	0	0	0	0	10	4640	24	0	0
BTO_ONTOLOGY	179	348		0	0	0	0	0	0	0	0	174	5	0	0	174	0	0	5	0	0	0	0	0	0	0		0	0	0	0	0	0	2	0	28	168	0	0
CABRO	70	68		0	0	0	0	0	0	0	0	63	7	0	0	63	0	0	7	0	0	0	0	0	0	0		0	0	0	0	0	2	3	0	59	0	0	0
CANCO	231	142		0	0	0	0	0	0	0	0	230	1	0	0	230	0	0	1	0	0	0	0	0	0	0		0	0	0	0	0	3	0	0	127	0	0	0
CANONT	62	53		0	0	0	0	0	0	0	0	61	1	0	0	61	0	0	1	0	0	0	0	0	0	0		0	0	0	0	0	0	0	0	53	0	0	0
CAO	260	317		0	0	0	0	0	0	0	0	255	5	0	0	255	0	0	5	0	0	0	0	0	0	0		0	0	0	2	2	14	13	0	204	79	0	0
CARELEX	389	322		0	0	0	0	0	0	0	0	388	1	0	0	388	0	0	1	0	0	0	0	0	0	0		0	0	0	0	0	0	0	0	322	0	0	0
CARO	8145	208		0	0	0	0	97	0	1	0	8041	3	0	0	8041	3	0	3	0	0	0	0	0	0	0		0	0	0	0	2	16	16	0	171	3	0	0
CARRE	303	175		0	0	0	0	0	0	0	0	302	1	0	0	302	0	0	1	0	0	0	0	0	0	0		0	0	0	0	0	0	0	0	175	0	0	0
CASE-BASE-ONTO	147	133		0	0	0	0	0	0	0	0	141	6	0	0	141	0	0	6	0	0	0	0	0	0	0		0	0	0	0	0	4	0	0	71	3	0	0
CBO	291	254		0	0	0	0	0	0	0	0	290	1	0	0	290	0	0	1	0	0	0	0	0	0	0		0	0	0	0	0	8	0	0	246	0	0	0
CCF	4215	9944		0	0	0	0	0	0	2	0	3576	0	0	0	3576	0	0	0	0	0	0	0	637	0	0		0	0	0	0	0	0	0	0	1071	5747	0	0
CCO	264939	2248316		0	0	0	0	0	3265	3265	1229	250804	1	0	0	250804	8	9631	1	1	0	0	0	0	0	0		0	0	0	0	0	2	1	0	268211	1924825	131	134
CCONT	29246	51862		0	0	63	3487	1544	71	770	246	19365	1	0	0	19365	1497	1	1	2	3	0	1353	914	0	0		1000	0	0	125	130	22	15	0	46493	3639	0	0
CCTOO	1142	2150		0	0	0	0	0	0	0	0	1141	1	0	0	1141	0	0	1	0	0	0	0	0	0	0		0	0	0	0	0	0	0	0	2150	0	0	0
CDAO	303	300		0	0	0	0	0	0	0	0	303	0	0	0	303	0	0	0	0	0	0	0	0	0	0		0	0	0	0	0	53	9	0	185	19	0	0
CDNO	1273	1860		0	0	0	0	474	0	0	0	798	1	0	0	798	0	0	1	0	0	0	0	0	0	0		0	0	0	0	0	124	25	0	1661	0	0	0
CDO	1533	1531		0	0	0	0	0	0	0	0	1491	42	0	0	1491	0	0	42	0	0	0	0	0	0	0		0	0	0	0	0	32	0	0	1499	0	0	0
CDPEO	104	132		0	0	0	0	0	0	0	0	72	32	0	0	72	0	0	32	0	0	0	0	0	0	0		0	0	0	0	0	30	0	0	40	30	0	0
CEDARVS	35	34		0	0	0	0	0	0	0	0	34	1	0	0	34	0	0	1	0	0	0	0	0	0	0		0	0	0	0	0	0	0	0	34	0	0	0
CEPH	1639	1922		0	0	0	0	0	0	4	0	414	1	0	0	414	812	0	1	0	0	0	0	408	0	0		0	0	0	0	10	17	4	0	1830	50	0	0
CHD	512	511		0	0	0	0	0	0	0	0	511	1	0	0	511	0	0	1	0	0	0	0	0	0	0		0	0	0	0	0	0	0	0	511	0	0	0
CHEAR	11026	13318		0	0	0	0	166	0	2642	0	8148	15	0	0	8148	13	0	15	2	5	0	10	25	0	0		0	7	0	156	232	292	149	0	11767	272	0	0
CHEBI	177552	318443		0	0	0	0	177524	0	0	0	27	1	0	0	27	0	0	1	0	0	0	0	0	0	0		42095	0	0	0	3911	0	1	0	230245	42191	0	0
CHEMINF	1033	1134		0	0	0	0	4	0	0	0	1025	3	0	0	1025	0	0	3	1	0	0	0	0	0	0		0	0	1	17	47	61	35	0	856	110	0	0
CHIRO	13315	17526		0	0	0	0	902	0	0	0	12382	1	0	0	12382	4	0	1	15	0	0	11	0	0	0		0	0	0	0	14	1	0	0	16891	222	183	0
CHMO	3125	3362		0	0	0	0	22	0	0	0	3100	3	0	0	3100	0	0	3	0	0	0	0	0	0	0		0	0	0	1	1	9	0	0	3072	249	0	0
CIDO	9301	18677		503	0	0	0	1443	0	12	528	3409	0	0	0	3409	1812	25	0	1182	11	0	246	130	0	0		776	0	0	1010	1117	308	54	0	11063	2869	0	0
CIDOC-CRM	373	251		0	0	0	0	0	0	0	0	372	1	0	0	372	0	0	1	0	0	0	0	0	0	0		0	0	0	0	0	151	0	0	100	0	0	0
CIINTEADO	895	2835		0	0	0	0	0	0	0	0	894	1	0	0	894	0	0	1	0	0	0	0	0	0	0		0	0	0	0	0	0	0	0	880	1955	0	0
CIO	58	49		0	0	0	0	0	0	0	0	57	1	0	0	57	0	0	1	0	0	0	0	0	0	0		0	0	0	0	0	3	0	0	44	2	0	0
CISAVIADO	895	2835		0	0	0	0	0	0	0	0	894	1	0	0	894	0	0	1	0	0	0	0	0	0	0		0	0	0	0	0	0	0	0	880	1955	0	0
CKDO	280	279		0	0	0	0	0	0	0	0	280	0	0	0	280	0	0	0	0	0	0	0	0	0	0		0	0	0	0	0	0	0	0	279	0	0	0
CL	16859	46400		0	0	0	0	647	313	2908	6937	561	1	0	0	561	134	354	1	815	2	0	0	4500	0	0		237	17	0	129	1616	309	52	261	33689	1997	1002	1011
CLAO	1558	1913		0	0	0	0	0	0	0	0	1556	2	0	0	1556	0	0	2	0	0	0	0	0	0	0		0	0	0	0	1	8	0	0	1525	350	0	0
CLO	46342	85348		1	0	0	0	43	0	369	12	43984	10	0	0	43984	355	0	10	164	5	0	0	1399	0	0		1	0	0	19	254	53	15	0	46412	35063	0	0
CLYH	274	435		0	0	0	0	0	0	1	0	270	1	0	0	270	0	0	1	0	0	0	0	2	0	0		0	56	0	0	0	0	0	0	193	0	0	0
CMDO	345	191		0	0	0	0	0	0	0	0	343	2	0	0	343	0	0	2	0	0	0	0	0	0	0		0	0	0	0	0	2	0	0	189	0	0	0
CMO	3250	3910		0	0	0	0	0	0	0	0	3249	1	0	0	3249	0	0	1	0	0	0	0	0	0	0		0	0	0	0	0	0	0	0	3910	0	0	0
CMPO	10896	1329		0	0	0	0	5	79	81	272	10517	1	0	0	10517	0	20	1	0	0	0	0	0	0	0		0	0	0	0	7	7	0	0	1204	36	11	20
CMR-QA	139	131		0	0	0	0	0	0	0	0	119	20	0	0	119	0	0	20	0	0	0	0	0	0	0		0	0	0	0	0	15	1	0	115	0	0	0
CN	541	560		0	0	0	0	0	0	0	0	540	1	0	0	540	0	0	1	0	0	0	0	0	0	0		0	0	0	0	0	0	0	0	557	1	0	0
CNO	325	283		0	0	0	0	0	0	0	0	324	1	0	0	324	0	0	1	0	0	0	0	0	0	0		0	0	0	0	0	15	4	0	264	0	0	0
CNO_ACRONYM	274	248		0	0	0	0	0	0	0	0	273	1	0	0	273	0	0	1	0	0	0	0	0	0	0		0	0	0	0	0	15	4	0	229	0	0	0
CO-WHEAT	185	176		0	0	0	0	0	0	0	0	184	1	0	0	184	0	0	1	0	0	0	0	0	0	0		0	0	0	0	0	0	0	0	176	0	0	0
COB	102	102		0	0	0	0	7	0	3	0	89	0	0	0	89	2	0	0	1	0	0	0	0	0	0		0	0	0	0	10	5	9	0	71	7	0	0
CODO	473	633		0	0	0	0	0	0	0	0	453	20	0	0	453	0	0	20	0	0	0	0	0	0	0		0	0	0	0	0	50	18	0	92	170	0	0
COGAT	4056	4053		0	0	0	0	0	0	0	0	4055	1	0	0	4055	0	0	1	0	0	0	0	0	0	0		0	0	0	0	0	0	0	0	4053	0	0	0
COGPO	210	212		0	0	0	0	0	0	0	0	207	3	0	0	207	0	0	3	0	0	0	0	0	0	0		0	0	0	0	0	5	0	0	198	3	0	0
COHSI2STUDY	88	79		0	0	0	0	0	0	0	0	87	1	0	0	87	0	0	1	0	0	0	0	0	0	0		0	0	0	0	0	0	0	0	2	0	0	0
COKPME	90	69		0	0	0	0	0	0	0	0	84	6	0	0	84	0	0	6	0	0	0	0	0	0	0		0	0	0	0	0	6	1	0	25	4	0	0
COLAO	705	1617		0	0	0	0	0	0	4	0	685	1	0	0	685	0	0	1	1	0	0	0	14	0	0		0	0	0	0	111	6	8	3	718	586	0	0
COMODI	66	65		0	0	0	0	0	0	0	0	65	1	0	0	65	0	0	1	0	0	0	0	0	0	0		0	0	0	0	0	0	0	0	65	0	0	0
CONTSONTO	161	162		0	0	0	0	0	0	0	0	158	3	0	0	158	0	0	3	0	0	0	0	0	0	0		0	0	0	0	0	0	1	0	161	0	0	0
COPDO	110	108		0	0	0	0	0	0	0	0	110	0	0	0	110	0	0	0	0	0	0	0	0	0	0		0	0	0	0	0	0	0	0	108	0	0	0
COSTART	1741	5312		0	0	0	0	0	0	0	0	1740	1	0	0	1740	0	0	1	0	0	0	0	0	0	0		0	0	0	0	0	15	4	0	2968	2325	0	0
COVID-19	2394	2472		0	0	0	8	206	138	154	568	905	1	0	0	905	317	2	1	44	0	0	135	54	0	0		0	0	0	0	0	0	0	0	2472	0	0	0
COVID-19-ONT-PM	373	371		0	0	0	0	0	0	0	0	371	2	0	0	371	0	0	2	0	0	0	0	0	0	0		0	0	0	0	0	1	0	0	364	0	0	0
COVID19	39	32		0	0	0	0	0	0	0	0	38	1	0	0	38	0	0	1	0	0	0	0	0	0	0		0	0	0	0	0	0	0	0	32	0	0	0
COVID19-IBO	188	181		0	0	0	0	0	0	0	0	159	29	0	0	159	0	0	29	0	0	0	0	0	0	0		0	0	0	0	0	23	0	0	158	0	0	0
COVIDCRFRAPID	745	828		0	0	0	0	0	0	0	0	726	1	0	0	726	0	0	1	0	0	0	18	0	0	0		0	0	0	0	1	0	0	0	399	86	0	0
CPRO	181	147		0	0	0	0	0	0	0	0	181	0	0	0	181	0	0	0	0	0	0	0	0	0	0		0	0	0	0	0	3	7	0	130	7	0	0
CPTAC	20	19		0	0	0	0	0	0	0	0	19	1	0	0	19	0	0	1	0	0	0	0	0	0	0		0	0	0	0	0	0	0	0	19	0	0	0
CRISP	9078	43443		0	0	0	0	0	0	0	0	9077	1	0	0	9077	0	0	1	0	0	0	0	0	0	0		0	0	0	0	0	15	4	0	11552	31872	0	0
CRO	168	129		0	0	0	0	0	0	0	0	168	0	0	0	168	0	0	0	0	0	0	0	0	0	0		0	0	0	0	0	0	2	0	107	1	0	0
CRYOEM	125	111		0	0	0	0	0	0	0	0	124	1	0	0	124	0	0	1	0	0	0	0	0	0	0		0	0	0	0	0	0	0	0	111	0	0	0
CSEO	20173	26442		0	0	0	0	0	0	0	0	20172	1	0	0	20172	0	0	1	0	0	0	0	0	0	0		0	0	0	0	0	0	1	0	26438	3	0	0
CSO	38	37		0	0	0	0	0	0	0	0	37	1	0	0	37	0	0	1	0	0	0	0	0	0	0		0	0	0	0	0	0	0	0	37	0	0	0
CSSO	309	304		0	0	0	0	0	0	0	0	308	1	0	0	308	0	0	1	0	0	0	0	0	0	0		0	0	0	0	0	0	0	0	304	0	0	0
CST	0	0		0	0	0	0	0	0	0	0	0	0	0	0	0	0	0	0	0	0	0	0	0	0	0		0	0	0	0	0	0	0	0	0	0	0	0
CSTD	614	650		0	0	0	0	0	0	0	0	614	0	0	0	614	0	0	0	0	0	0	0	0	0	0		0	0	0	0	0	0	0	0	97	0	0	0
CTCAE	4050	4049		0	0	0	0	0	0	0	0	4049	1	0	0	4049	0	0	1	0	0	0	0	0	0	0		0	0	0	0	0	0	0	0	4049	0	0	0
CTENO	887	1234		0	0	0	0	11	0	46	0	582	0	0	0	582	91	0	0	5	0	0	0	152	0	0		0	3	0	0	18	143	33	0	861	31	0	0
CTO	337	284		0	0	0	0	0	0	0	0	331	0	0	0	331	6	0	0	0	0	0	0	0	0	0		0	1	0	1	3	0	0	0	272	2	0	0
CTO-NDD	379	377		0	0	0	0	0	0	0	0	378	1	0	0	378	0	0	1	0	0	0	0	0	0	0		0	0	0	0	0	0	0	0	377	0	0	0
CTONT	45	43		0	0	0	0	0	0	0	0	45	0	0	0	45	0	0	0	0	0	0	0	0	0	0		0	0	0	0	0	0	0	0	43	0	0	0
CTX	1218	4240		0	0	0	0	0	0	0	0	1207	11	0	0	1207	0	0	11	0	0	0	0	0	0	0		0	0	0	0	0	0	6	0	508	3012	0	0
CU-VO	7353	20745		0	0	0	0	0	0	0	0	7352	1	0	0	7352	0	0	1	0	0	0	0	0	0	0		0	0	0	0	0	0	2	0	11	13412	0	0
CVAO	1807	2030		0	0	0	0	0	0	0	0	1807	0	0	0	1807	0	0	0	0	0	0	0	0	0	0		0	0	0	0	0	0	1	0	1960	0	0	0
CVDO	640	634		0	0	0	0	0	0	0	0	639	1	0	0	639	0	0	1	0	0	0	0	0	0	0		0	0	0	12	16	59	24	0	461	47	0	0
CWD	47	56		0	0	0	0	0	0	0	0	46	1	0	0	46	0	0	1	0	0	0	0	0	0	0		0	0	0	0	0	0	0	0	56	0	0	0
CYTO	319	317		0	0	0	0	0	0	0	0	319	0	0	0	319	0	0	0	0	0	0	0	0	0	0		0	0	0	0	0	0	0	0	316	0	0	0
DATACITE	108	95		0	0	0	0	0	0	0	0	106	2	0	0	106	0	0	2	0	0	0	0	0	0	0		0	0	0	0	0	5	2	0	20	0	0	0
DC	89	41		0	0	0	0	0	0	0	0	88	1	0	0	88	0	0	1	0	0	0	0	0	0	0		0	0	0	0	0	0	0	0	11	0	0	0
DCAT	38	21		0	0	0	0	0	0	0	0	33	5	0	0	33	0	0	5	0	0	0	0	0	0	0		0	0	0	0	0	5	0	0	15	0	0	0
DCAT-FDC	185	125		0	0	0	0	0	0	0	0	178	7	0	0	178	0	0	7	0	0	0	0	0	0	0		0	0	0	0	0	59	7	0	57	2	0	0
DCCDFV	20	18		0	0	0	0	0	0	0	0	19	1	0	0	19	0	0	1	0	0	0	0	0	0	0		0	0	0	0	0	0	0	0	1	0	0	0
DCM	4663	4650		0	0	0	0	0	0	0	0	4662	1	0	0	4662	0	0	1	0	0	0	0	0	0	0		0	0	0	0	0	15	4	0	4631	0	0	0
DCMITYPE	51	48		0	0	0	0	0	0	0	0	50	1	0	0	50	0	0	1	0	0	0	0	0	0	0		0	0	0	0	0	15	4	0	17	12	0	0
DCT	107	52		0	0	0	0	0	0	0	0	102	5	0	0	102	0	0	5	0	0	0	0	0	0	0		0	0	0	0	0	17	0	0	25	0	0	0
DCTERMS	107	52		0	0	0	0	0	0	0	0	102	5	0	0	102	0	0	5	0	0	0	0	0	0	0		0	0	0	0	0	17	0	0	25	0	0	0
DDANAT	149	131		0	0	0	0	0	0	0	0	148	1	0	0	148	0	0	1	0	0	0	0	0	0	0		0	0	0	0	0	0	0	0	131	0	0	0
DDI	208	188		0	0	0	0	0	0	0	0	207	1	0	0	207	0	0	1	0	0	0	0	0	0	0		0	0	1	4	4	9	3	0	146	19	0	0
DDIEM	262	223		0	0	0	0	0	0	0	0	262	0	0	0	262	0	0	0	0	0	0	0	0	0	0		0	0	0	0	0	0	0	0	206	0	0	0
DDPHENO	1270	1167		0	0	0	0	0	0	0	0	1269	1	0	0	1269	0	0	1	0	0	0	0	0	0	0		0	0	0	0	0	0	0	0	1167	0	0	0
DEB	606	621		0	0	0	0	0	0	0	0	605	1	0	0	605	0	0	1	0	0	0	0	0	0	0		0	0	0	0	0	0	0	0	621	0	0	0
DERMLEX	6107	18306		0	0	0	0	0	0	0	0	6106	1	0	0	6106	0	0	1	0	0	0	0	0	0	0		0	0	0	0	0	0	0	0	6106	6099	0	0
DERMO	3537	3994		0	0	0	0	0	0	0	0	3536	1	0	0	3536	0	0	1	0	0	0	0	0	0	0		0	0	0	0	0	0	0	0	3818	176	0	0
DFO	14	11		0	0	0	0	0	0	0	0	14	0	0	0	14	0	0	0	0	0	0	0	0	0	0		0	0	0	0	0	0	0	0	11	0	0	0
DIAB	391	1771		0	0	0	0	0	0	0	0	144	1	0	0	144	0	0	1	0	0	0	246	0	0	0		0	0	0	0	0	0	0	0	375	1396	0	0
DIAGONT	105	102		0	0	0	0	0	0	0	0	105	0	0	0	105	0	0	0	0	0	0	0	0	0	0		0	0	0	0	0	0	0	0	96	0	0	0
DIDEO	820	827		0	0	0	0	102	5	7	19	675	2	0	0	675	4	4	2	4	0	0	0	3	0	0		0	0	1	12	41	87	24	0	618	28	0	0
DIKB	207	198		0	0	0	0	0	0	0	0	172	35	0	0	172	0	0	35	0	0	0	0	0	0	0		0	0	0	0	0	8	13	0	167	1	0	0
DILON	751	1234		0	0	0	0	0	0	0	0	750	1	0	0	750	0	0	1	0	0	0	0	0	0	0		0	0	0	0	0	0	0	0	261	375	0	0
DINTO	30250	153098		0	0	0	0	4182	0	0	0	25274	1	0	0	25274	6	0	1	0	0	0	0	787	0	0		0	0	0	0	0	71	34	0	28481	124512	0	0
DISDRIV	26	13		0	0	0	0	0	0	0	0	25	1	0	0	25	0	0	1	0	0	0	0	0	0	0		0	0	0	0	0	0	0	0	13	0	0	0
DLO	65	62		0	0	0	0	0	0	0	0	64	1	0	0	64	0	0	1	0	0	0	0	0	0	0		0	0	0	0	0	0	0	0	62	0	0	0
DLORO	296	362		0	0	0	0	0	0	0	0	295	1	0	0	295	0	0	1	0	0	0	0	0	0	0		0	0	0	0	0	0	0	0	362	0	0	0
DOCCC	205	204		0	0	0	0	0	0	0	0	204	1	0	0	204	0	0	1	0	0	0	0	0	0	0		0	0	0	0	0	0	0	0	204	0	0	0
DOID	17775	28275		0	0	0	0	372	0	184	0	14660	1	0	0	14660	1095	0	1	0	245	0	439	779	0	0		0	0	0	0	0	37	0	0	20847	2940	0	0
DOREMUS-KEYS	65	64		0	0	0	0	0	0	0	0	64	1	0	0	64	0	0	1	0	0	0	0	0	0	0		0	0	0	0	0	0	0	0	3	0	0	0
DPO	5991	15711		0	0	0	0	325	152	491	2616	1047	1	0	0	1047	100	69	1	48	0	0	0	1294	0	0		79	181	0	52	410	286	47	76	11214	582	378	381
DRANPTO	629	605		0	0	0	0	0	0	0	0	628	1	0	0	628	0	0	1	0	0	0	0	0	0	0		0	0	0	0	0	12	24	0	569	0	0	0
DRON	618149	1152979		0	0	0	0	7419	0	0	5	610709	2	0	0	610709	5	3	2	6	0	0	0	0	0	0		6381	0	0	0	450	116	24	0	623075	522915	0	0
DRPSNPTO	684	652		0	0	0	0	0	0	0	0	683	1	0	0	683	0	0	1	0	0	0	0	0	0	0		0	0	0	0	0	12	30	0	610	0	0	0
DSEO	132	141		0	0	0	0	0	0	0	0	131	1	0	0	131	0	0	1	0	0	0	0	0	0	0		0	0	0	0	0	0	0	0	141	0	0	0
DTO	10172	12074		0	0	0	0	188	0	0	0	9954	1	0	0	9954	0	0	1	1	0	0	0	28	0	0		428	0	0	0	0	12	11	0	11623	0	0	0
DUO	414	429		0	0	0	1	0	0	0	0	412	1	0	0	412	0	0	1	0	0	0	0	0	0	0		0	0	1	9	38	26	19	0	302	19	0	0
E-PPO	55	54		0	0	0	0	0	0	0	0	54	1	0	0	54	0	0	1	0	0	0	0	0	0	0		0	0	0	0	0	0	0	0	54	0	0	0
EBP	383	1534		0	0	0	0	0	0	0	0	373	10	0	0	373	0	0	10	0	0	0	0	0	0	0		0	0	0	0	0	0	5	0	49	830	0	0
ECAO	613	1458		0	0	0	0	0	0	0	0	598	1	0	0	598	0	0	1	0	0	0	0	14	0	0		0	60	0	0	1	129	22	0	701	0	0	0
ECG	1197	1162		0	0	0	0	0	0	0	0	1197	0	0	0	1197	0	0	0	0	0	0	0	0	0	0		0	0	0	0	0	0	0	0	1162	0	0	0
ECO	2047	3301		0	0	0	0	0	0	0	0	2046	1	0	0	2046	0	0	1	0	0	0	0	0	0	0		0	0	0	0	0	0	1	0	3298	2	0	0
ECOCORE	5918	18026		0	0	0	0	418	151	488	2488	895	0	0	0	895	103	68	0	52	2	0	0	1404	0	0		131	11	0	60	513	309	56	2211	10932	595	362	364
ECP	75	64		0	0	0	0	0	0	0	0	74	1	0	0	74	0	0	1	0	0	0	0	0	0	0		0	0	0	0	0	0	0	0	51	0	0	0
ECSO	2251	2290		0	0	0	0	0	0	0	0	2250	1	0	0	2250	0	0	1	0	0	0	0	0	0	0		0	0	0	0	3	97	27	0	2115	46	0	0
ECTO	13146	33895		0	2	0	0	5442	8	12	211	4421	2	0	5	4421	73	5	2	1	0	0	784	2188	0	0		3973	14	0	50	808	223	42	170	22627	5005	37	37
EDAM	3520	4573		0	0	0	0	0	0	0	0	3519	1	0	0	3519	0	0	1	0	0	0	0	0	0	0		0	0	0	0	0	0	6	0	4567	0	0	0
EDAM-BIOIMAGING	366	399		0	0	0	0	0	0	0	0	365	1	0	0	365	0	0	1	0	0	0	0	0	0	0		0	0	0	0	0	0	6	0	393	0	0	0
EDDA	562	593		0	0	0	0	0	0	0	0	559	3	0	0	559	0	0	3	0	0	0	0	0	0	0		0	0	0	0	0	0	2	0	591	0	0	0
EDDA_PT	161	99		0	0	0	0	0	0	0	0	158	3	0	0	158	0	0	3	0	0	0	0	0	0	0		0	0	0	0	0	0	2	0	97	0	0	0
EFO	29861	51887		0	0	0	3497	1533	71	770	246	20044	1	0	0	20044	1497	1	1	2	3	0	1353	914	0	0		1000	0	0	125	130	22	15	0	46522	3638	0	0
EGO	3298	4671		0	0	0	0	56	0	23	0	3138	3	0	0	3138	33	0	3	16	8	0	1	20	0	0		22	3	8	181	401	57	22	0	3216	638	0	0
EHDA	8349	24		0	0	0	0	0	0	0	0	8348	1	0	0	8348	0	0	1	0	0	0	0	0	0	0		0	0	0	0	0	0	0	0	24	0	0	0
EHDAA	2321	1		0	0	0	0	0	0	0	0	2320	1	0	0	2320	0	0	1	0	0	0	0	0	0	0		0	0	0	0	0	0	0	0	1	0	0	0
EHDAA2	2792	8007		0	0	0	0	0	0	76	0	2692	1	0	0	2692	0	0	1	0	0	0	0	23	0	0		0	0	0	0	81	0	0	0	3088	4638	0	0
ELD	2080	2079		0	0	0	0	0	0	0	0	2079	1	0	0	2079	0	0	1	0	0	0	0	0	0	0		0	0	0	0	0	0	0	0	2	0	0	0
ELIG	35	36		0	0	0	0	0	0	0	0	34	1	0	0	34	0	0	1	0	0	0	0	0	0	0		0	0	0	0	0	0	0	0	34	0	0	0
ELTER_CL	177	176		0	0	0	0	0	0	0	0	176	1	0	0	176	0	0	1	0	0	0	0	0	0	0		0	0	0	0	0	0	0	0	2	0	0	0
EMAP	19450	526		0	0	0	0	0	0	0	0	19449	1	0	0	19449	0	0	1	0	0	0	0	0	0	0		0	0	0	0	0	0	0	0	526	0	0	0
EMAPA	8751	13992		0	0	0	0	0	0	0	0	8751	0	0	0	8751	0	0	0	0	0	0	0	0	0	0		0	0	0	0	0	0	0	0	4546	9446	0	0
EMIF-AD	719	701		0	0	0	0	0	0	0	0	718	1	0	0	718	0	0	1	0	0	0	0	0	0	0		0	0	0	0	0	0	0	0	700	1	0	0
EMO	180	176		0	0	0	0	4	0	0	0	163	13	0	0	163	0	0	13	0	0	0	0	0	0	0		0	0	0	0	0	12	0	0	164	0	0	0
ENM	17716	12826		0	0	0	0	847	0	3	1	13267	1	0	0	13267	9	1	1	0	0	0	5	3582	0	0		0	0	0	0	0	0	0	0	12817	0	0	0
ENTITY	210	214		0	0	0	0	0	0	0	0	206	4	0	0	206	0	0	4	0	0	0	0	0	0	0		0	0	0	0	0	0	2	0	212	0	0	0
ENVO	6776	9637		0	0	0	0	910	0	0	0	4972	1	0	0	4972	203	0	1	0	0	0	0	690	0	0		214	3	0	127	740	123	1	40	7615	150	0	1
ENVS_VARIABLES	15	15		0	0	0	0	0	0	0	0	14	1	0	0	14	0	0	1	0	0	0	0	0	0	0		0	0	0	0	0	0	0	0	2	0	0	0
ENVTHES	2878	2877		0	0	0	0	0	0	0	0	2877	1	0	0	2877	0	0	1	0	0	0	0	0	0	0		0	0	0	0	0	0	0	0	2	0	0	0
EO	789	769		0	0	0	0	0	0	0	0	788	1	0	0	788	0	0	1	0	0	0	0	0	0	0		0	0	0	0	0	0	0	0	769	0	0	0
EO1	28	27		0	0	0	0	0	0	0	0	27	1	0	0	27	0	0	1	0	0	0	0	0	0	0		0	0	0	0	0	0	0	0	2	0	0	0
EOL	652	661		0	0	0	0	0	0	0	0	652	0	0	0	652	0	0	0	0	0	0	0	0	0	0		0	0	0	0	0	0	0	0	660	0	0	0
EP	250	239		0	0	0	0	0	0	0	0	249	1	0	0	249	0	0	1	0	0	0	0	0	0	0		0	0	0	0	0	0	0	0	238	0	0	0
EPIE	402	394		0	0	0	0	0	0	0	0	402	0	0	0	402	0	0	0	0	0	0	0	0	0	0		0	0	0	0	0	0	0	0	394	0	0	0
EPILONT	143	141		0	0	0	0	0	0	0	0	138	5	0	0	138	0	0	5	0	0	0	0	0	0	0		0	0	0	0	0	4	0	0	137	0	0	0
EPIO	2014	1978		0	0	0	108	0	0	0	19	1401	0	0	0	1401	21	0	0	0	0	19	273	173	0	0		0	0	0	0	0	0	0	0	1978	0	0	0
EPIP	273	264		0	0	0	0	0	0	0	0	273	0	0	0	273	0	0	0	0	0	0	0	0	0	0		0	0	0	0	0	0	0	0	264	0	0	0
EPISEM	1595	1594		0	0	0	0	0	0	0	0	1595	0	0	0	1595	0	0	0	0	0	0	0	0	0	0		0	0	0	0	0	0	0	0	1594	0	0	0
EPO	1435	1594		0	0	0	0	0	0	0	0	1430	5	0	0	1430	0	0	5	0	0	0	0	0	0	0		0	0	0	0	0	42	13	0	1539	0	0	0
EPSO	1952	1941		0	0	0	0	0	0	0	0	1940	12	0	0	1940	0	0	12	0	0	0	0	0	0	0		0	0	0	0	0	5	2	0	1932	0	0	0
ERO	4313	4498		0	0	0	0	0	0	0	0	3219	3	0	0	3219	1039	0	3	0	39	0	0	13	0	0		0	0	0	1	6	41	29	0	4064	319	0	0
ESFO	22	21		0	0	0	0	0	0	0	0	22	0	0	0	22	0	0	0	0	0	0	0	0	0	0		0	0	0	0	0	0	0	0	21	0	0	0
ESSO	2872	4828		0	0	0	0	0	0	0	0	2709	163	0	0	2709	0	0	163	0	0	0	0	0	0	0		0	0	0	0	0	138	74	0	4616	0	0	0
ETANC	67	54		0	0	0	0	0	0	0	0	66	1	0	0	66	0	0	1	0	0	0	0	0	0	0		0	0	0	0	0	0	0	0	2	0	0	0
ETHANC	45	32		0	0	0	0	0	0	0	0	44	1	0	0	44	0	0	1	0	0	0	0	0	0	0		0	0	0	0	0	0	0	0	2	0	0	0
ETHIOPIADISEASES	0	0		0	0	0	0	0	0	0	0	0	0	0	0	0	0	0	0	0	0	0	0	0	0	0		0	0	0	0	0	0	0	0	0	0	0	0
ETHOPD	71	63		0	0	0	0	0	0	0	0	70	1	0	0	70	0	0	1	0	0	0	0	0	0	0		0	0	0	0	0	0	0	0	2	0	0	0
EUPATH	4204	4838		0	0	0	0	177	0	10	0	2736	0	0	0	2736	912	0	0	55	17	0	147	150	0	0		80	0	2	43	88	37	4	0	4159	320	0	0
EVI	89	90		0	0	0	0	0	0	0	0	89	0	0	0	89	0	0	0	0	0	0	0	0	0	0		0	0	0	0	0	24	19	0	47	0	0	0
EXACT	187	316		0	0	0	0	0	0	0	0	173	14	0	0	173	0	0	14	0	0	0	0	0	0	0		0	0	0	0	0	15	5	0	155	133	0	0
EXO	168	151		0	4	0	0	0	0	0	0	145	1	0	17	145	0	0	1	0	0	0	0	0	1	0		0	0	0	0	3	0	0	0	141	7	0	0
EXON	11	10		0	0	0	0	0	0	0	0	10	1	0	0	10	0	0	1	0	0	0	0	0	0	0		0	0	0	0	0	0	0	0	5	0	0	0
EXTRACT	23	23		0	0	0	0	0	0	0	0	22	1	0	0	22	0	0	1	0	0	0	0	0	0	0		0	0	0	0	0	0	0	0	2	0	0	0
FALDO	31	22		0	0	0	0	0	0	0	0	31	0	0	0	31	0	0	0	0	0	0	0	0	0	0		0	0	0	0	0	0	2	0	20	0	0	0
FALL	117	132		0	0	0	0	0	0	0	0	109	8	0	0	109	0	0	8	0	0	0	0	0	0	0		0	0	0	0	0	2	2	0	55	15	0	0
FAO	134	130		0	0	0	0	0	0	0	0	128	1	0	0	128	5	0	1	0	0	0	0	0	0	0		0	0	0	0	0	0	0	0	129	0	0	0
FAST-CHRONO	684	682		0	0	0	0	0	0	0	0	683	1	0	0	683	0	0	1	0	0	0	0	0	0	0		0	0	0	0	0	0	0	0	3	0	0	0
FAST-EVENT	37435	15698		0	0	0	0	0	0	0	0	37434	1	0	0	37434	0	0	1	0	0	0	0	0	0	0		0	0	0	0	0	0	0	0	4	0	0	0
FAST-EVENT-SKOS	37435	15698		0	0	0	0	0	0	0	0	37434	1	0	0	37434	0	0	1	0	0	0	0	0	0	0		0	0	0	0	0	0	0	0	4	0	0	0
FAST-FORMGENRE	5688	3288		0	0	0	0	0	0	0	0	5687	1	0	0	5687	0	0	1	0	0	0	0	0	0	0		0	0	0	0	0	0	0	0	3	0	0	0
FAST-GENREFORM	6049	3464		0	0	0	0	0	0	0	0	6048	1	0	0	6048	0	0	1	0	0	0	0	0	0	0		0	0	0	0	0	0	0	0	4	0	0	0
FAST-TITLE	192686	65801		0	0	0	0	0	0	0	0	192685	1	0	0	192685	0	0	1	0	0	0	0	0	0	0		0	0	0	0	0	0	0	0	3	0	0	0
FB-BT	18566	43200		0	0	0	0	0	0	0	0	18565	1	0	0	18565	0	0	1	0	0	0	0	0	0	0		0	0	0	0	12	33	7	0	25984	13298	0	0
FB-CV	2423	3894		0	0	0	0	921	0	0	0	1488	0	14	0	1488	0	0	0	0	0	0	0	0	0	0		366	0	0	0	66	133	27	0	2984	318	0	0
FB-DV	236	627		0	0	0	0	0	0	0	0	235	1	0	0	235	0	0	1	0	0	0	0	0	0	0		0	239	0	0	0	2	0	0	200	186	0	0
FB-SP	6613	6588		0	0	0	0	0	0	0	0	6612	1	0	0	6612	0	0	1	0	0	0	0	0	0	0		0	0	0	0	0	0	0	0	6588	0	0	0
FBbi	761	731		0	0	0	0	0	0	0	0	761	0	0	0	761	0	0	0	0	0	0	0	0	0	0		0	0	0	0	0	116	21	0	549	45	0	0
FCC1	13	11		0	0	0	0	0	0	0	0	10	3	0	0	10	0	0	3	0	0	0	0	0	0	0		0	0	0	0	0	1	0	0	9	0	0	0
FDC-GDMT	1136	1000		0	0	0	0	0	0	0	0	1135	1	0	0	1135	0	0	1	0	0	0	0	0	0	0		0	0	0	0	0	0	0	0	2	0	0	0
FDSAJFAHSJK	4	3		0	0	0	0	0	0	0	0	3	1	0	0	3	0	0	1	0	0	0	0	0	0	0		0	0	0	0	0	0	0	0	3	0	0	0
FENICS	220	424		0	0	0	0	0	0	0	0	220	0	0	0	220	0	0	0	0	0	0	0	0	0	0		0	0	0	0	0	0	0	0	212	0	0	0
FG	122	9		0	0	0	0	0	0	0	0	121	1	0	0	121	0	0	1	0	0	0	0	0	0	0		0	0	0	0	0	0	0	0	9	0	0	0
FHHO	678	912		0	0	0	0	0	0	0	0	251	427	0	0	251	0	0	427	0	0	0	0	0	0	0		0	0	0	0	0	420	148	0	332	0	0	0
FIDEO	942	954		0	0	0	0	156	5	7	19	743	2	0	0	743	4	4	2	4	0	0	0	3	0	0		35	0	1	12	41	87	24	0	708	29	0	0
FIRE	85	78		0	0	0	0	0	0	0	0	83	2	0	0	83	0	0	2	0	0	0	0	0	0	0		0	0	0	0	0	0	9	0	55	0	0	0
FISH-AST	128	127		0	0	0	0	0	0	0	0	127	1	0	0	127	0	0	1	0	0	0	0	0	0	0		0	0	0	0	0	0	0	0	2	0	0	0
FISHO	460	473		0	0	0	0	0	0	0	0	459	1	0	0	459	0	0	1	0	0	0	0	0	0	0		0	0	0	0	0	3	2	0	460	0	0	0
FIX	1174	1634		0	0	0	0	0	0	0	0	1173	1	0	0	1173	0	0	1	0	0	0	0	0	0	0		0	0	0	0	0	0	0	0	1605	29	0	0
FLOPO	28454	35969		0	0	0	0	0	0	0	0	28454	0	0	0	28454	0	0	0	0	0	0	0	0	0	0		0	20	0	0	50	4	1	0	35644	219	0	0
FLU	715	757		0	0	0	0	0	0	0	0	709	5	0	0	709	0	0	5	1	0	0	0	0	0	0		0	0	1	15	43	30	23	0	594	35	0	0
FLYGLYCODB	141	115		0	0	0	0	0	0	0	0	140	1	0	0	140	0	0	1	0	0	0	0	0	0	0		0	0	0	0	0	0	0	0	115	0	0	0
FMA	105928	104826		0	0	0	0	0	0	0	0	105927	1	0	0	105927	0	0	1	0	0	0	0	0	0	0		0	0	0	0	0	65	38	0	104721	0	0	0
FMPM	163	162		0	0	0	0	0	0	0	0	162	1	0	0	162	0	0	1	0	0	0	0	0	0	0		0	0	0	0	0	0	0	0	162	0	0	0
FO	43	38		0	0	0	0	0	0	0	0	39	4	0	0	39	0	0	4	0	0	0	0	0	0	0		0	0	0	0	0	2	1	0	35	0	0	0
FOAF	85	58		0	0	0	0	0	0	0	0	85	0	0	0	85	0	0	0	0	0	0	0	0	0	0		0	0	0	0	0	12	4	0	42	0	0	0
FOBI	1220	4738		0	0	0	0	160	0	0	0	1057	1	0	0	1057	1	0	1	0	0	0	0	1	0	0		0	0	0	0	0	0	2	0	1197	3539	0	0
FOODON	32677	42050		0	0	0	0	1255	0	0	0	26241	1	0	0	26241	5088	0	1	0	0	0	0	92	0	0		16	1	0	11	392	9	1	2815	35729	21	0	0
FOVT	5577	13263		0	0	0	0	84	0	203	0	2012	1	0	0	2012	43	0	1	4	0	0	0	3230	0	0		38	16	0	4	475	226	54	193	9837	913	70	71
FPLX	713	721		0	0	0	0	0	0	0	0	712	1	0	0	712	0	0	1	0	0	0	0	0	0	0		0	0	0	0	0	0	0	0	721	0	0	0
FTC	61436	116376		0	0	0	0	1	0	0	0	61435	0	0	0	61435	0	0	0	0	0	0	0	0	0	0		0	0	0	0	0	4	0	0	109642	0	2100	2127
FYPO	20745	44857		0	0	0	0	3256	450	794	5859	8537	1	0	0	8537	97	711	1	64	136	0	0	1290	0	0		1856	9	0	71	719	288	49	78	35088	2197	871	861
G-PROV	487	382		0	0	0	0	0	0	0	0	469	18	0	0	469	0	0	18	0	0	0	0	0	0	0		0	0	0	0	0	75	88	0	172	19	0	0
GALEN	24092	24763		0	0	0	0	0	0	0	0	23141	951	0	0	23141	0	0	951	0	0	0	0	0	0	0		0	0	0	0	0	958	475	0	23330	0	0	0
GAMUTS	18002	17654		0	0	0	0	0	0	0	0	17416	1	0	0	17416	0	0	1	0	0	0	585	0	0	0		0	0	0	0	0	0	0	0	17654	0	0	0
GAZ	668873	1459449		0	0	0	0	0	0	0	0	668872	1	0	0	668872	0	0	1	0	0	0	0	0	0	0		0	0	0	0	0	0	0	0	663461	795988	0	0
GBM	112	108		0	0	0	0	0	0	0	0	112	0	0	0	112	0	0	0	0	0	0	0	0	0	0		0	0	0	0	0	0	0	0	108	0	0	0
GBOL	1497	1036		0	0	0	0	0	0	0	0	1494	3	0	0	1494	0	0	3	0	0	0	0	0	0	0		0	0	0	0	0	15	2	0	342	0	0	0
GCO	9	5		0	0	0	0	0	0	0	0	8	1	0	0	8	0	0	1	0	0	0	0	0	0	0		0	0	0	0	0	0	1	0	4	0	0	0
GDCO	126	103		0	0	0	0	0	0	0	0	124	2	0	0	124	0	0	2	0	0	0	0	0	0	0		0	0	0	0	0	18	13	0	72	0	0	0
GECKO	173	157		0	0	0	19	0	0	0	0	147	1	0	0	147	0	0	1	0	0	0	0	6	0	0		0	0	0	0	0	0	0	0	154	3	0	0
GENE-CDS	2275	2265		0	0	0	0	0	0	0	0	2274	1	0	0	2274	0	0	1	0	0	0	0	0	0	0		0	0	0	0	0	0	0	0	2265	0	0	0
GENO	623	594		0	0	0	0	2	0	1	0	535	2	0	0	535	5	0	2	0	75	0	1	2	0	0		0	0	0	0	13	88	20	0	392	48	0	0
GEO	41991	83487		0	0	0	0	0	0	0	0	41979	12	0	0	41979	0	0	12	0	0	0	0	0	0	0		0	0	0	0	0	30	19	0	126	41563	0	0
GEOSPARQL	146	103		0	0	0	0	0	0	0	0	145	1	0	0	145	0	0	1	0	0	0	0	0	0	0		0	0	0	0	0	16	4	0	83	0	0	0
GEOSPECIES	405	542		0	0	0	0	0	0	0	0	404	1	0	0	404	0	0	1	0	0	0	0	0	0	0		0	0	0	0	0	12	0	0	101	0	0	0
GEXO	166267	1052277		0	0	0	0	0	3684	3684	1198	151520	1	0	0	151520	3	9860	1	1	0	0	0	0	0	0		0	0	0	0	0	0	0	150946	170933	591085	68	70
GFO	88	90		0	0	0	0	0	0	0	0	88	0	0	0	88	0	0	0	0	0	0	0	0	0	0		0	0	0	0	0	22	19	0	49	0	0	0
GFO-BIO	169	176		0	0	0	0	0	0	0	0	169	0	0	0	169	0	0	0	0	0	0	0	0	0	0		0	0	0	0	0	0	0	0	175	0	0	0
GFVO	138	125		0	0	0	0	0	0	0	0	137	1	0	0	137	0	0	1	0	0	0	0	0	0	0		0	0	0	0	0	23	0	0	102	0	0	0
GLYCO	2080	31588		0	0	0	0	0	0	0	0	2079	1	0	0	2079	0	0	1	0	0	0	0	0	0	0		0	0	0	0	0	33	2	0	248	28321	0	0
GLYCOCOO	85	95		0	0	0	0	0	0	0	0	84	1	0	0	84	0	0	1	0	0	0	0	0	0	0		0	0	0	0	0	3	1	0	91	0	0	0
GLYCORDF	1559	4227		0	0	0	0	0	0	0	0	1537	22	0	0	1537	0	0	22	0	0	0	0	0	0	0		0	0	0	0	0	468	441	0	248	1822	0	0
GML	207	218		0	0	0	0	0	0	0	0	207	0	0	0	207	0	0	0	0	0	0	0	0	0	0		0	0	0	0	0	0	0	0	195	0	0	0
GMM	1899	1896		0	0	0	0	0	0	0	0	1898	1	0	0	1898	0	0	1	0	0	0	0	0	0	0		0	0	0	0	0	0	0	0	1896	0	0	0
GMO	1045	1029		0	0	0	0	0	0	0	0	1044	1	0	0	1044	0	0	1	0	0	0	0	0	0	0		0	0	0	0	0	0	0	0	1029	0	0	0
GNO	97930	113587		0	0	0	0	0	0	0	0	97929	1	0	0	97929	0	0	1	0	0	0	0	0	0	0		0	0	0	0	0	0	0	0	113582	0	0	0
GO	50798	91670		0	0	0	0	0	4469	4469	30492	3531	1	0	0	3531	0	12305	1	0	0	0	0	0	0	0		0	0	0	0	810	3	1	0	80947	14	3063	3086
GO-EXT	35899	61207		0	0	0	0	0	2979	2979	21551	1498	1	0	0	1498	0	9870	1	0	0	0	0	0	0	0		0	0	0	0	0	2	0	0	55493	5712	0	0
GO-PLUS	83132	179653		0	0	0	0	23661	4469	5722	30492	4566	0	0	0	4566	1026	12305	0	503	108	0	0	4749	0	0		10265	26	0	1410	3291	273	43	366	140753	1689	3075	3096
GPML	90	20		0	0	0	0	0	0	0	0	89	1	0	0	89	0	0	1	0	0	0	0	0	0	0		0	0	0	0	0	0	0	0	19	0	0	0
GRO	537	565		0	0	0	0	0	0	0	0	515	22	0	0	515	0	0	22	0	0	0	0	0	0	0		0	0	0	0	0	10	8	0	542	0	0	0
GRO-CPD	247	232		0	0	0	0	0	0	0	0	246	1	0	0	246	0	0	1	0	0	0	0	0	0	0		0	0	0	0	0	0	0	0	232	0	0	0
GRO-CPGA	1581	1460		0	0	0	0	0	0	0	0	1580	1	0	0	1580	0	0	1	0	0	0	0	0	0	0		0	0	0	0	31	0	0	0	1413	5	0	0
GSSO	14940	16549		0	0	0	0	268	0	19	0	14449	1	0	0	14449	116	0	1	0	0	0	7	80	0	0		0	0	0	0	0	0	0	0	13710	0	0	0
GVO	62	47		0	0	0	0	0	0	0	0	61	1	0	0	61	0	0	1	0	0	0	0	0	0	0		0	0	0	0	0	0	0	0	47	0	0	0
HAAURAADO	870	2781		0	0	0	0	0	0	0	0	869	1	0	0	869	0	0	1	0	0	0	0	0	0	0		0	0	0	0	0	0	0	0	856	1925	0	0
HAMIDEHSGH	408	407		0	0	0	0	0	0	0	0	407	1	0	0	407	0	0	1	0	0	0	0	0	0	0		0	0	0	0	0	0	0	0	407	0	0	0
HANCESTRO	602	847		0	0	0	0	0	0	0	0	602	0	0	0	602	0	0	0	0	0	0	0	0	0	0		0	0	0	0	0	0	3	0	612	232	0	0
HAO	5326	5803		0	0	0	0	0	0	0	0	5325	1	0	0	5325	0	0	1	0	0	0	0	0	0	0		0	0	0	0	0	0	0	0	2491	545	0	0
HAROREADO	871	2781		0	0	0	0	0	0	0	0	870	1	0	0	870	0	0	1	0	0	0	0	0	0	0		0	0	0	0	0	0	0	0	856	1925	0	0
HASCO	2207	2290		0	0	0	0	0	0	0	0	2192	15	0	0	2192	0	0	15	0	0	0	0	0	0	0		0	0	0	0	0	258	128	0	1897	7	0	0
HCDR	120	119		0	0	0	0	0	0	0	0	120	0	0	0	120	0	0	0	0	0	0	0	0	0	0		0	0	0	0	0	0	0	0	119	0	0	0
HCODONONT	98	96		0	0	0	0	0	0	0	0	98	0	0	0	98	0	0	0	0	0	0	0	0	0	0		0	0	0	0	0	0	0	0	96	0	0	0
HCPCS	7147	14126		0	0	0	0	0	0	0	0	7146	1	0	0	7146	0	0	1	0	0	0	0	0	0	0		0	0	0	0	0	15	4	0	7093	7014	0	0
HDMPONTO	425	416		0	0	0	0	0	0	0	0	387	38	0	0	387	0	0	38	0	0	0	0	0	0	0		0	0	0	0	0	30	0	0	382	0	0	0
HEIO	1778	8010		0	0	0	0	0	0	0	0	1777	1	0	0	1777	0	0	1	0	0	0	0	0	0	0		0	0	0	0	0	4	4	0	147	2965	0	0
HFO	1653	2068		0	0	0	0	0	0	0	0	1652	1	0	0	1652	0	0	1	0	0	0	0	0	0	0		0	0	0	0	0	0	0	0	2068	0	0	0
HGNC	32918	32917		0	0	0	0	0	0	0	0	32918	0	0	0	32918	0	0	0	0	0	0	0	0	0	0		0	0	0	0	0	0	0	0	32917	0	0	0
HHEAR	11323	13916		0	0	0	0	185	0	2642	0	8423	8	0	0	8423	13	0	8	2	5	0	20	25	0	0		0	7	0	156	232	291	146	0	12030	272	0	0
HINO	36241	121665		0	0	0	0	1254	0	0	0	34981	0	0	0	34981	3	0	0	1	2	0	0	0	0	0		0	0	0	0	0	0	0	0	34900	65689	0	0
HIO	549	662		0	0	0	0	0	0	0	0	548	1	0	0	548	0	0	1	0	0	0	0	0	0	0		0	0	0	0	0	45	15	0	544	58	0	0
HIVCRS	11	9		0	0	0	0	0	0	0	0	9	2	0	0	9	0	0	2	0	0	0	0	0	0	0		0	0	0	0	0	1	0	0	8	0	0	0
HIVMT	176	188		0	0	0	0	0	0	0	0	164	12	0	0	164	0	0	12	0	0	0	0	0	0	0		0	0	0	0	0	7	1	0	179	0	0	0
HIVO004	2101	2526		0	0	0	0	0	0	0	0	2060	41	0	0	2060	0	0	41	0	0	0	0	0	0	0		0	0	0	0	0	246	20	0	2072	9	0	0
HL7	9169	20581		0	0	0	0	0	0	0	0	9160	9	0	0	9160	0	0	9	0	0	0	0	0	0	0		0	0	0	0	0	15	4	0	9049	11513	0	0
HMIS033B	67	0		0	0	0	0	0	0	0	0	67	0	0	0	67	0	0	0	0	0	0	0	0	0	0		0	0	0	0	0	0	0	0	0	0	0	0
HMISLAB0115	21	20		0	0	0	0	0	0	0	0	20	1	0	0	20	0	0	1	0	0	0	0	0	0	0		0	0	0	0	0	0	0	0	2	0	0	0
HNS	696	740		0	0	0	0	0	0	0	0	685	11	0	0	685	0	0	11	0	0	0	0	0	0	0		0	0	0	0	0	1	4	0	546	47	0	0
HO	253	237		0	0	0	0	0	0	0	0	251	2	0	0	251	0	0	2	0	0	0	0	0	0	0		0	0	0	0	0	4	17	0	213	1	0	0
HOIP	12388	22787		0	0	0	4	787	0	90	0	10965	1	0	0	10965	39	0	1	264	2	0	47	189	0	0		1193	29	0	702	3551	59	31	0	15010	147	120	318
HOM	76	76		0	0	0	0	0	0	0	0	75	1	0	0	75	0	0	1	0	0	0	0	0	0	0		0	0	0	0	0	0	0	0	76	0	0	0
HOOM	131782	131771		0	0	0	0	0	0	0	0	123500	1	0	0	123500	0	0	1	0	0	0	8281	0	0	0		0	0	0	0	0	0	6	0	131764	0	0	0
HORD	14709	14674		0	0	0	0	0	0	0	0	14703	6	0	0	14703	0	0	6	0	0	0	0	0	0	0		0	0	0	0	0	15	22	0	14560	19	0	0
HP	20070	20530		0	0	0	0	0	0	0	0	23	1	0	0	23	0	0	1	0	0	0	20046	0	0	0		0	0	0	0	0	0	0	0	20530	0	0	0
HPIO	284	280		0	0	0	0	0	0	0	0	282	2	0	0	282	0	0	2	0	0	0	0	0	0	0		0	0	0	0	0	5	0	0	275	0	0	0
HP_O	200	288		0	0	0	0	0	0	0	0	199	1	0	0	199	0	0	1	0	0	0	0	0	0	0		0	0	0	0	0	0	0	0	288	0	0	0
HRDO	13559	14264		0	0	0	0	0	0	0	0	13544	15	0	0	13544	0	0	15	0	0	0	0	0	0	0		0	0	0	0	0	11	0	0	14253	0	0	0
HSAPDV	272	492		0	0	0	0	0	0	0	0	269	1	0	0	269	1	0	1	0	0	0	0	1	0	0		0	226	0	0	0	1	0	0	254	11	0	0
HSO	1423	1271		0	0	0	0	0	0	0	0	1176	5	0	0	1176	99	0	5	0	0	0	0	143	0	0		0	0	0	3	22	81	25	4	471	7	0	0
HTN	996	1025		0	0	0	0	0	0	0	0	987	2	0	0	987	3	0	2	3	0	0	1	0	0	0		0	0	1	8	36	264	58	0	629	29	0	0
HUPSON	3034	3242		0	0	0	0	83	0	1	0	2941	2	0	0	2941	1	0	2	6	0	0	0	0	0	0		0	0	0	0	0	42	22	0	3067	98	0	0
I2SV	190	189		0	0	0	0	0	0	0	0	189	1	0	0	189	0	0	1	0	0	0	0	0	0	0		0	0	0	0	0	0	0	0	2	0	0	0
IAML-MOP	423	422		0	0	0	0	0	0	0	0	422	1	0	0	422	0	0	1	0	0	0	0	0	0	0		0	0	0	0	0	0	0	0	2	0	0	0
IAO	371	385		0	0	0	0	0	0	0	0	370	1	0	0	370	0	0	1	0	0	0	0	0	0	0		0	0	1	9	38	26	19	0	261	16	0	0
IBD	372	414		0	0	0	0	0	0	0	0	364	8	0	0	364	0	0	8	0	0	0	0	0	0	0		0	0	0	0	0	5	1	0	405	0	0	0
IBIO	372	414		0	0	0	0	0	0	0	0	364	8	0	0	364	0	0	8	0	0	0	0	0	0	0		0	0	0	0	0	5	1	0	405	0	0	0
ICD10	12895	23615		0	0	0	0	0	0	0	0	12894	1	0	0	12894	0	0	1	0	0	0	0	0	0	0		0	0	0	0	0	15	4	0	11257	12339	0	0
ICD10CM	96011	193106		0	0	0	0	0	0	0	0	96010	1	0	0	96010	0	0	1	0	0	0	0	0	0	0		0	0	0	0	0	15	4	0	95968	97119	0	0
ICD10PCS	191150	382119		0	0	0	0	0	0	0	0	191149	1	0	0	191149	0	0	1	0	0	0	0	0	0	0		0	0	0	0	0	15	4	0	191113	190987	0	0
ICD11-BODYSYSTEM	30	29		0	0	0	0	0	0	0	0	30	0	0	0	30	0	0	0	0	0	0	0	0	0	0		0	0	0	0	0	0	0	0	29	0	0	0
ICD9CM	22573	44980		0	0	0	0	0	0	0	0	22572	1	0	0	22572	0	0	1	0	0	0	0	0	0	0		0	0	0	0	0	15	4	0	22532	22429	0	0
ICDO	1620	1976		0	0	0	0	0	0	0	0	1454	1	0	0	1454	0	0	1	0	0	0	0	165	0	0		41	0	0	0	0	262	36	0	1448	123	0	0
ICECI	2240	4703		0	0	0	0	0	0	0	0	2240	0	0	0	2240	0	0	0	0	0	0	0	0	0	0		0	0	0	0	0	0	0	0	2231	243	0	0
ICEO	31043	68548		0	0	0	0	3	1	1	8	30705	1	0	0	30705	321	2	1	2	0	0	0	0	0	0		7413	0	0	0	2593	30	7	0	30914	26961	0	0
ICF	4902	8209		0	0	0	0	0	0	0	0	4888	14	0	0	4888	0	0	14	0	0	0	0	0	0	0		0	0	0	0	0	13	3	0	1596	3244	0	0
ICNP	4512	7620		0	0	0	0	0	0	0	0	4510	2	0	0	4510	0	0	2	0	0	0	0	0	0	0		0	0	0	0	0	20	3	0	7597	0	0	0
ICO	1257	1326		0	0	0	1	5	0	3	0	1181	2	0	0	1181	14	0	2	0	0	0	0	51	0	0		8	0	1	29	66	66	28	0	1029	75	0	0
ICPC2P	7574	7555		0	0	0	0	0	0	0	0	7574	0	0	0	7574	0	0	0	0	0	0	0	0	0	0		0	0	0	0	0	15	4	0	126	7410	0	0
ICPS	1351	2408		0	0	0	0	0	0	0	0	1351	0	0	0	1351	0	0	0	0	0	0	0	0	0	0		0	0	0	0	0	42	29	0	405	400	0	0
ICW	123	120		0	0	0	0	0	0	0	0	123	0	0	0	123	0	0	0	0	0	0	0	0	0	0		0	0	0	0	0	0	0	0	120	0	0	0
ID-AMR	284	274		0	0	0	0	0	0	0	0	283	1	0	0	283	0	0	1	0	0	0	0	0	0	0		0	0	0	0	0	0	0	0	2	0	0	0
IDEM	41	41		0	0	0	0	0	0	0	0	40	1	0	0	40	0	0	1	0	0	0	0	0	0	0		0	0	0	0	0	0	0	0	2	0	0	0
IDG_GL	421	418		0	0	0	0	0	0	0	0	421	0	0	0	421	0	0	0	0	0	0	0	0	0	0		0	0	0	0	0	0	0	0	418	0	0	0
IDO	466	445		0	0	0	0	7	0	1	0	452	1	0	0	452	3	0	1	0	0	0	0	2	0	0		1	6	0	0	3	19	17	0	361	36	0	0
IDO-COVID-19	590	580		0	0	0	0	8	0	1	0	560	1	0	0	560	15	0	1	1	0	0	0	4	0	0		1	12	0	3	6	19	17	0	485	37	0	0
IDOBRU	3464	5696		0	0	0	0	17	2	10	24	2465	16	0	0	2465	486	0	16	441	0	0	0	5	0	0		0	0	0	8	35	85	33	0	3258	2250	0	0
IDODEN	5085	5112		0	0	0	0	251	0	34	0	4724	3	0	0	4724	38	0	3	25	7	0	1	2	0	0		0	0	0	0	0	4	4	0	5028	76	0	0
IDOMAL	3189	3185		0	0	0	0	254	0	33	3	2860	1	0	0	2860	36	0	1	1	0	0	0	1	0	0		0	0	0	0	0	0	4	0	2662	519	0	0
IDQA	271	274		0	0	0	0	0	0	0	0	270	1	0	0	270	0	0	1	0	0	0	0	0	0	0		0	0	0	0	0	0	0	0	266	8	0	0
IFAR	4531	4984		0	0	0	0	0	0	0	0	4403	1	0	0	4403	0	0	1	0	0	0	127	0	0	0		0	0	0	0	0	0	0	0	4984	0	0	0
ILLNESSINJURY	148	164		0	0	0	0	0	0	0	0	147	1	0	0	147	0	0	1	0	0	0	0	0	0	0		0	0	0	0	0	0	0	0	21	0	0	0
IMGT-ONTOLOGY	1457	1450		0	0	0	0	0	0	0	0	1457	0	0	0	1457	0	0	0	0	0	0	0	0	0	0		0	0	0	0	0	8	9	0	1433	0	0	0
INBANCIDO	8440	15793		184	0	0	0	1349	0	12	513	3408	0	0	0	3408	1770	24	0	482	9	0	246	443	0	0		695	10	0	1010	1220	348	63	26	9880	1935	0	0
INBIODIV	638	680		0	0	0	0	0	0	0	0	630	8	0	0	630	0	0	8	0	0	0	0	0	0	0		0	0	0	0	0	5	1	0	671	0	0	0
INCENTIVE-VARS	15	14		0	0	0	0	0	0	0	0	14	1	0	0	14	0	0	1	0	0	0	0	0	0	0		0	0	0	0	0	0	0	0	2	0	0	0
INFRARISK	84	59		0	0	0	0	0	0	0	0	83	1	0	0	83	0	0	1	0	0	0	0	0	0	0		0	0	0	0	0	0	0	0	58	0	0	0
INO	458	432		0	0	0	0	4	0	3	0	438	1	0	0	438	6	0	1	1	0	5	0	0	0	0		2	0	0	5	6	73	19	0	325	1	1	1
INSECTH	334	336		0	0	0	0	0	0	0	0	333	1	0	0	333	0	0	1	0	0	0	0	0	0	0		0	0	0	0	0	0	0	0	163	0	0	0
INSNAME	27	26		0	0	0	0	0	0	0	0	26	1	0	0	26	0	0	1	0	0	0	0	0	0	0		0	0	0	0	0	0	0	0	2	0	0	0
INTO	1202	2243		0	0	0	0	0	0	0	0	1188	14	0	0	1188	0	0	14	0	0	0	0	0	0	0		0	0	0	0	0	0	7	0	260	1048	0	0
INVERSEROLES	414	316		0	0	0	0	0	0	0	0	206	208	0	0	206	0	0	208	0	0	0	0	0	0	0		0	0	0	0	0	0	104	0	212	0	0	0
IOBC	127355	314558		0	0	0	0	0	0	0	0	127331	24	0	0	127331	0	0	24	0	0	0	0	0	0	0		0	0	0	0	0	32	14	0	180602	122484	0	0
IRD	546	541		0	0	0	0	0	0	0	0	545	1	0	0	545	0	0	1	0	0	0	0	0	0	0		0	0	0	0	0	0	0	0	541	0	0	0
IRDG	50	49		0	0	0	0	0	0	0	0	49	1	0	0	49	0	0	1	0	0	0	0	0	0	0		0	0	0	0	0	0	0	0	49	0	0	0
ISO-15926-2_2003	205	212		0	0	0	0	0	0	0	0	205	0	0	0	205	0	0	0	0	0	0	0	0	0	0		0	0	0	0	0	0	0	0	212	0	0	0
ISO-ANNOTATIONS	204	212		0	0	0	0	0	0	0	0	204	0	0	0	204	0	0	0	0	0	0	0	0	0	0		0	0	0	0	0	0	0	0	212	0	0	0
ISO-FOOD	1534	1650		0	0	0	0	0	0	0	0	1518	16	0	0	1518	0	0	16	0	0	0	0	0	0	0		0	0	0	0	0	30	2	0	1368	110	0	0
ISO19108TO	47	25		0	0	0	0	0	0	0	0	47	0	0	0	47	0	0	0	0	0	0	0	0	0	0		0	0	0	0	0	0	7	0	18	0	0	0
ISO19110	100	54		0	0	0	0	0	0	0	0	100	0	0	0	100	0	0	0	0	0	0	0	0	0	0		0	0	0	0	0	0	6	0	40	0	0	0
ISO19115	686	374		0	0	0	0	0	0	0	0	686	0	0	0	686	0	0	0	0	0	0	0	0	0	0		0	0	0	0	0	0	0	0	134	0	0	0
ISO19115CC	70	74		0	0	0	0	0	0	0	0	70	0	0	0	70	0	0	0	0	0	0	0	0	0	0		0	0	0	0	0	0	0	0	20	0	0	0
ISO19115CI	154	174		0	0	0	0	0	0	0	0	154	0	0	0	154	0	0	0	0	0	0	0	0	0	0		0	0	0	0	0	0	0	0	22	0	0	0
ISO19115CON	62	69		0	0	0	0	0	0	0	0	62	0	0	0	62	0	0	0	0	0	0	0	0	0	0		0	0	0	0	0	0	0	0	13	0	0	0
ISO19115DI	61	34		0	0	0	0	0	0	0	0	61	0	0	0	61	0	0	0	0	0	0	0	0	0	0		0	0	0	0	0	0	1	0	17	0	0	0
ISO19115DTC	21	50		0	0	0	0	0	0	0	0	21	0	0	0	21	0	0	0	0	0	0	0	0	0	0		0	0	0	0	0	0	0	0	18	0	0	0
ISO19115EX	34	13		0	0	0	0	0	0	0	0	34	0	0	0	34	0	0	0	0	0	0	0	0	0	0		0	0	0	0	0	0	0	0	13	0	0	0
ISO19115ID	150	175		0	0	0	0	0	0	0	0	150	0	0	0	150	0	0	0	0	0	0	0	0	0	0		0	0	0	0	0	0	0	0	29	0	0	0
ISO19115MI	51	22		0	0	0	0	0	0	0	0	51	0	0	0	51	0	0	0	0	0	0	0	0	0	0		0	0	0	0	0	0	0	0	22	0	0	0
ISO19115PR	291	291		0	0	0	0	0	0	0	0	291	0	0	0	291	0	0	0	0	0	0	0	0	0	0		0	0	0	0	0	0	0	0	45	0	0	0
ISO19115ROLES	23	42		0	0	0	0	0	0	0	0	22	1	0	0	22	0	0	1	0	0	0	0	0	0	0		0	0	0	0	0	0	0	0	2	0	0	0
ISO19115SRS	41	64		0	0	0	0	0	0	0	0	41	0	0	0	41	0	0	0	0	0	0	0	0	0	0		0	0	0	0	0	0	0	0	6	0	0	0
ISO19115TCC	20	19		0	0	0	0	0	0	0	0	20	0	0	0	20	0	0	0	0	0	0	0	0	0	0		0	0	0	0	0	0	0	0	19	0	0	0
ISO639-2	15548	63481		0	0	0	0	0	0	0	0	15537	11	0	0	15537	0	0	11	0	0	0	0	0	0	0		0	0	0	0	0	3	4	0	10	47120	0	0
ISSVA	204	201		0	0	0	0	0	0	0	0	204	0	0	0	204	0	0	0	0	0	0	0	0	0	0		0	0	0	0	0	0	0	0	196	0	0	0
ITEMAS	253	218		0	0	0	0	0	0	0	0	143	110	0	0	143	0	0	110	0	0	0	0	0	0	0		0	0	0	0	0	23	46	0	133	6	0	0
ITO	61881	65786		0	0	0	0	0	0	0	0	61880	1	0	0	61880	0	0	1	0	0	0	0	0	0	0		0	0	0	0	0	3	5	0	14951	0	0	0
IXNO	82	53		0	0	0	0	0	0	0	25	55	1	0	0	55	0	1	1	0	0	0	0	0	0	0		0	0	0	0	0	0	0	0	53	0	0	0
JERM	318	304		0	0	0	0	0	0	0	0	302	16	0	0	302	0	0	16	0	0	0	0	0	0	0		0	0	0	0	0	2	7	0	295	0	0	0
KENYAANC	139	78		0	0	0	0	0	0	0	0	138	1	0	0	138	0	0	1	0	0	0	0	0	0	0		0	0	0	0	0	0	0	0	2	0	0	0
KISAO	524	531		0	0	0	0	0	0	0	0	524	0	0	0	524	0	0	0	0	0	0	0	0	0	0		0	0	0	0	0	2	3	0	526	0	0	0
KORO	180	166		0	0	0	0	0	0	0	0	180	0	0	0	180	0	0	0	0	0	0	0	0	0	0		3	0	0	0	16	6	8	0	109	10	0	0
KTAO	10516	19962		38	0	0	2195	300	108	447	566	4924	0	0	0	4924	94	64	0	164	30	0	402	1292	0	0		53	13	0	549	1531	284	60	50	14799	1764	63	6
LABO	252	225		0	0	0	0	0	0	0	0	251	0	0	0	251	1	0	0	0	0	0	0	0	0	0		0	0	0	2	14	16	12	0	169	13	0	0
LAND-SURFACE	435	459		0	0	0	0	0	0	0	0	434	1	0	0	434	0	0	1	0	0	0	0	0	0	0		0	0	0	0	0	0	9	0	19	0	0	0
LANDFORM	446	1532		0	0	0	0	0	0	0	0	442	4	0	0	442	0	0	4	0	0	0	0	0	0	0		0	0	0	0	0	4	10	0	19	1097	0	0
LBO	1110	1098		0	0	0	0	0	0	0	0	1109	1	0	0	1109	0	0	1	0	0	0	0	0	0	0		0	0	0	0	0	0	0	0	1098	0	0	0
LC-CARRIERS	0	0		0	0	0	0	0	0	0	0	0	0	0	0	0	0	0	0	0	0	0	0	0	0	0		0	0	0	0	0	0	0	0	0	0	0	0
LC-MEDIA	18	25		0	0	0	0	0	0	0	0	15	3	0	0	15	0	0	3	0	0	0	0	0	0	0		0	0	0	0	0	0	0	0	6	0	0	0
LCDGT	6	6		0	0	0	0	0	0	0	0	5	1	0	0	5	0	0	1	0	0	0	0	0	0	0		0	0	0	0	0	0	0	0	4	0	0	0
LCGFT	2194	4504		0	0	0	0	0	0	0	0	2193	1	0	0	2193	0	0	1	0	0	0	0	0	0	0		0	0	0	0	0	0	0	0	12	0	0	0
LDA	37	36		0	0	0	0	0	0	0	0	36	1	0	0	36	0	0	1	0	0	0	0	0	0	0		0	0	0	0	0	0	0	0	36	0	0	0
LEGALAPATEST2	228	227		0	0	0	0	0	0	0	0	227	1	0	0	227	0	0	1	0	0	0	0	0	0	0		0	0	0	0	0	0	0	0	227	0	0	0
LEPAO	818	1697		0	0	0	0	0	0	4	0	798	1	0	0	798	0	0	1	1	0	0	0	14	0	0		0	0	0	0	110	35	10	3	784	571	0	0
LHN	318	321		0	0	0	0	0	0	0	0	317	1	0	0	317	0	0	1	0	0	0	0	0	0	0		0	0	0	0	0	0	0	0	310	11	0	0
LICO	158	191		0	0	0	0	0	0	0	0	155	3	0	0	155	0	0	3	0	0	0	0	0	0	0		0	0	0	0	0	2	0	0	189	0	0	0
LIFO	374	379		0	0	0	0	10	12	13	46	288	0	0	0	288	11	0	0	1	0	0	0	5	0	0		0	0	0	4	16	76	20	0	228	20	0	0
LION	63571	188642		0	0	0	0	0	0	0	0	63570	1	0	0	63570	0	0	1	0	0	0	0	0	0	0		0	0	0	0	0	0	0	0	188642	0	0	0
LIPRO	284	286		0	0	0	0	0	0	0	0	278	6	0	0	278	0	0	6	0	0	0	0	0	0	0		0	0	0	0	0	5	1	0	279	1	0	0
LOINC	0	0		0	0	0	0	0	0	0	0	0	0	0	0	0	0	0	0	0	0	0	0	0	0	0		0	0	0	0	0	0	0	0	0	0	0	0
LONGCOVID	10	11		0	0	0	0	0	0	0	0	9	1	0	0	9	0	0	1	0	0	0	0	0	0	0		0	0	0	0	0	0	0	0	11	0	0	0
LPT	516	561		0	0	0	0	0	0	0	0	515	1	0	0	515	0	0	1	0	0	0	0	0	0	0		0	0	0	0	0	0	0	0	561	0	0	0
LUNGMAP-HUMAN	314	124		0	0	0	0	0	0	0	0	310	4	0	0	310	0	0	4	0	0	0	0	0	0	0		0	0	0	0	0	1	2	0	112	0	0	0
LUNGMAP-MOUSE	316	130		0	0	0	0	0	0	0	0	315	1	0	0	315	0	0	1	0	0	0	0	0	0	0		0	0	0	0	0	1	0	2	123	2	0	0
LUNGMAP_H_CELL	83	128		0	0	0	0	0	0	0	0	82	1	0	0	82	0	0	1	0	0	0	0	0	0	0		0	0	0	0	0	0	0	0	128	0	0	0
LUNGMAP_M_CELL	96	146		0	0	0	0	0	0	0	0	95	1	0	0	95	0	0	1	0	0	0	0	0	0	0		0	0	0	0	0	0	0	0	146	0	0	0
M4M19-SUBS	26	25		0	0	0	0	0	0	0	0	25	1	0	0	25	0	0	1	0	0	0	0	0	0	0		0	0	0	0	0	0	0	0	2	0	0	0
M4M19-VARS	25	24		0	0	0	0	0	0	0	0	24	1	0	0	24	0	0	1	0	0	0	0	0	0	0		0	0	0	0	0	0	0	0	2	0	0	0
MA	3267	2129		0	0	0	0	0	0	0	0	3266	1	0	0	3266	0	0	1	0	0	0	0	0	0	0		0	0	0	0	0	0	0	0	2129	0	0	0
MADS-RDF	176	116		0	0	0	0	0	0	0	0	160	16	0	0	160	0	0	16	0	0	0	0	0	0	0		0	0	0	0	0	37	8	0	70	0	0	0
MAMO	117	108		0	0	0	0	0	0	0	0	116	1	0	0	116	0	0	1	0	0	0	0	0	0	0		0	0	0	0	0	0	0	0	108	0	0	0
MARC-LANGUAGES	493	978		0	0	0	0	0	0	0	0	490	3	0	0	490	0	0	3	0	0	0	0	0	0	0		0	0	0	0	0	0	0	0	6	0	0	0
MARC-RELATORS	0	0		0	0	0	0	0	0	0	0	0	0	0	0	0	0	0	0	0	0	0	0	0	0	0		0	0	0	0	0	0	0	0	0	0	0	0
MAT	2194	961		0	0	0	0	0	0	0	0	2193	1	0	0	2193	0	0	1	0	0	0	0	0	0	0		0	0	0	0	0	0	0	0	459	502	0	0
MATR	31	52		0	0	0	0	0	0	0	0	30	1	0	0	30	0	0	1	0	0	0	0	0	0	0		0	0	0	0	0	0	0	0	52	0	0	0
MATRCOMPOUND	109	112		0	0	0	0	0	0	0	0	108	1	0	0	108	0	0	1	0	0	0	0	0	0	0		0	0	0	0	0	0	0	0	11	0	0	0
MATRELEMENT	101	154		0	0	0	0	0	0	0	0	100	1	0	0	100	0	0	1	0	0	0	0	0	0	0		0	0	0	0	0	0	0	0	43	0	0	0
MATRROCK	25	24		0	0	0	0	0	0	0	0	24	1	0	0	24	0	0	1	0	0	0	0	0	0	0		0	0	0	0	0	0	0	0	24	0	0	0
MATRROCKIGNEOUS	47	54		0	0	0	0	0	0	0	0	46	1	0	0	46	0	0	1	0	0	0	0	0	0	0		0	0	0	0	0	0	0	0	54	0	0	0
MAXO	12395	26588		9	0	0	0	1195	60	740	795	3062	0	0	0	3062	119	5	0	88	6	0	2428	3948	0	0		415	17	0	9	745	248	55	260	21178	1316	239	239
MCBCC	389	382		0	0	0	0	0	0	0	0	385	4	0	0	385	0	0	4	0	0	0	0	0	0	0		0	0	0	0	0	2	0	0	380	0	0	0
MCCL	5483	5480		0	0	0	0	0	0	0	0	5475	8	0	0	5475	0	0	8	0	0	0	0	0	0	0		0	0	0	0	0	6	0	0	5474	0	0	0
MCCV	86	47		0	0	0	0	0	0	0	0	86	0	0	0	86	0	0	0	0	0	0	0	0	0	0		0	0	0	0	0	20	2	0	22	0	0	0
MCHVODANATERMS	39	29		0	0	0	0	0	0	0	0	38	1	0	0	38	0	0	1	0	0	0	0	0	0	0		0	0	0	0	0	0	0	0	2	0	0	0
MCO	3454	6760		0	0	0	0	2404	0	1	4	1017	1	0	0	1017	22	0	1	0	0	0	0	5	0	0		1128	0	0	0	127	4	1	0	4334	1166	0	0
MDDB	13850	14111		0	0	0	0	0	0	0	0	13850	0	0	0	13850	0	0	0	0	0	0	0	0	0	0		0	0	0	0	0	15	4	0	126	13966	0	0
MDM	44234	44233		0	0	0	0	0	0	0	0	44233	1	0	0	44233	0	0	1	0	0	0	0	0	0	0		0	0	0	0	0	0	0	0	44233	0	0	0
MEDDRA	76493	367985		0	0	0	0	0	0	0	0	76492	1	0	0	76492	0	0	1	0	0	0	0	0	0	0		0	0	0	0	0	15	4	0	38468	329498	0	0
MEDEON	77	85		0	0	0	0	0	0	0	0	76	1	0	0	76	0	0	1	0	0	0	0	0	0	0		0	0	0	0	0	0	0	0	71	8	0	0
MEDLINEPLUS	2770	12734		0	0	0	0	0	0	0	0	2299	471	0	0	2299	0	0	471	0	0	0	0	0	0	0		0	0	0	0	0	15	4	0	2045	10670	0	0
MEDO	96	90		0	0	0	0	0	0	0	0	95	1	0	0	95	0	0	1	0	0	0	0	0	0	0		0	0	0	0	0	2	0	0	88	0	0	0
MEGO	389	266		0	0	0	0	0	0	0	0	388	1	0	0	388	0	0	1	0	0	0	0	0	0	0		0	0	0	0	0	0	0	0	266	0	0	0
MELO	629	623		0	0	0	0	0	0	0	0	515	1	0	0	515	0	0	1	0	0	0	113	0	0	0		0	0	0	0	0	0	0	0	605	0	0	0
MEO	2544	3438		0	0	0	0	0	0	0	0	2544	0	0	0	2544	0	0	0	0	0	0	0	0	0	0		0	0	0	0	0	1	0	0	3437	0	0	0
MEPO	5687	5686		0	0	0	0	0	0	0	0	5687	0	0	0	5687	0	0	0	0	0	0	0	0	0	0		0	0	0	0	0	0	0	0	5686	0	0	0
MERA	13	8		0	0	0	0	0	0	0	0	8	5	0	0	8	0	0	5	0	0	0	0	0	0	0		0	0	0	0	0	3	0	0	5	0	0	0
MESH	348728	2754507		0	0	0	0	0	0	0	0	348727	1	0	0	348727	0	0	1	0	0	0	0	0	0	0		0	0	0	0	0	15	4	0	41323	2713165	0	0
MF	474	474		0	0	0	0	0	0	0	0	474	0	0	0	474	0	0	0	0	0	0	0	0	0	0		0	0	0	3	11	2	1	0	438	4	0	0
MFMO	1044	1091		0	0	0	0	0	0	3	0	1009	2	0	0	1009	0	0	2	0	0	0	0	30	0	0		0	0	0	0	1	652	110	0	291	9	0	0
MFO	4368	170		0	0	0	0	0	0	0	0	4367	1	0	0	4367	0	0	1	0	0	0	0	0	0	0		0	0	0	0	0	0	0	0	170	0	0	0
MFOEM	693	759		0	0	0	0	0	0	0	0	693	0	0	0	693	0	0	0	0	0	0	0	0	0	0		0	0	0	3	55	2	1	0	658	25	0	0
MFOMD	987	959		0	0	0	0	0	0	0	0	987	0	0	0	987	0	0	0	0	0	0	0	0	0	0		0	0	0	3	14	2	2	0	917	6	0	0
MHC	145	138		0	0	0	0	0	0	0	0	139	6	0	0	139	0	0	6	0	0	0	0	0	0	0		0	0	0	0	0	0	3	0	135	0	0	0
MHCRO	2430	4155		0	0	0	0	0	0	0	0	2404	1	0	0	2404	21	0	1	2	2	0	0	0	0	0		0	0	0	0	0	21	0	0	4004	59	0	0
MHMO	444	517		0	0	0	0	0	0	0	0	444	0	0	0	444	0	0	0	0	0	0	0	0	0	0		0	0	0	0	0	0	0	0	365	55	0	0
MI	1648	1626		0	0	0	0	0	0	0	0	1647	1	0	0	1647	0	0	1	0	0	0	0	0	0	0		0	0	0	0	0	0	0	0	1626	0	0	0
MIAPA	460	442		0	0	0	0	0	0	0	0	458	2	0	0	458	0	0	2	0	0	0	0	0	0	0		0	0	0	0	0	87	13	0	274	23	0	0
MIM	106	99		0	0	0	0	0	0	0	0	97	9	0	0	97	0	0	9	0	0	0	0	0	0	0		0	0	0	0	0	8	1	0	90	0	0	0
MINERAL	19	16		0	0	0	0	0	0	0	0	18	1	0	0	18	0	0	1	0	0	0	0	0	0	0		0	0	0	0	0	0	0	0	16	0	0	0
MINI-FAST-1	5	4		0	0	0	0	0	0	0	0	4	1	0	0	4	0	0	1	0	0	0	0	0	0	0		0	0	0	0	0	0	0	0	2	0	0	0
MIRO	4438	4454		0	0	0	0	0	0	0	0	4437	1	0	0	4437	0	0	1	0	0	0	0	0	0	0		0	0	0	0	0	0	0	0	4361	93	0	0
MIXS	68	10		0	0	0	0	0	0	0	0	64	4	0	0	64	0	0	4	0	0	0	0	0	0	0		0	0	0	0	0	3	0	0	7	0	0	0
MIXSCV	524	519		0	0	0	0	0	0	0	0	523	1	0	0	523	0	0	1	0	0	0	0	0	0	0		0	0	0	0	0	0	0	0	519	0	0	0
MLTX	20	12		0	0	0	0	0	0	0	0	20	0	0	0	20	0	0	0	0	0	0	0	0	0	0		0	0	0	0	0	0	0	0	12	0	0	0
MMO	781	868		0	0	0	0	0	0	0	0	780	1	0	0	780	0	0	1	0	0	0	0	0	0	0		0	0	0	0	0	0	0	0	868	0	0	0
MMUSDV	140	199		0	0	0	0	0	0	0	0	139	1	0	0	139	0	0	1	0	0	0	0	0	0	0		0	89	0	0	0	1	0	0	109	0	0	0
MNR	26	25		0	0	0	0	0	0	0	0	25	1	0	0	25	0	0	1	0	0	0	0	0	0	0		0	0	0	0	0	0	0	0	25	0	0	0
MNV	256	234		0	0	0	0	0	0	0	0	255	1	0	0	255	0	0	1	0	0	0	0	0	0	0		0	0	0	0	0	0	0	0	2	0	0	0
MO	1039	1174		0	0	0	0	0	0	0	0	1039	0	0	0	1039	0	0	0	0	0	0	0	0	0	0		0	0	0	0	0	0	0	0	260	170	0	0
MOC	138	167		0	0	0	0	0	0	0	0	137	1	0	0	137	0	0	1	0	0	0	0	0	0	0		0	0	0	0	0	0	0	0	53	0	0	0
MODSCI	521	527		0	0	0	0	0	0	0	0	488	33	0	0	488	0	0	33	0	0	0	0	0	0	0		0	0	0	0	0	50	11	0	299	37	0	0
MONDO	24463	39663		0	0	0	24409	0	0	0	0	53	1	0	0	53	0	0	1	0	0	0	0	0	0	0		0	0	0	0	0	2	0	0	38232	1056	0	0
MONO	3838	7192		0	0	0	0	0	0	0	0	3837	1	0	0	3837	0	0	1	0	0	0	0	0	0	0		0	0	0	0	0	0	0	0	18	3355	0	0
MOOCCIADO	870	2781		0	0	0	0	0	0	0	0	869	1	0	0	869	0	0	1	0	0	0	0	0	0	0		0	0	0	0	0	0	0	0	856	1925	0	0
MOOCCUADO	871	2781		0	0	0	0	0	0	0	0	870	1	0	0	870	0	0	1	0	0	0	0	0	0	0		0	0	0	0	0	0	0	0	856	1925	0	0
MOOCULADO	871	2781		0	0	0	0	0	0	0	0	870	1	0	0	870	0	0	1	0	0	0	0	0	0	0		0	0	0	0	0	0	0	0	856	1925	0	0
MOP	3708	3790		0	0	0	0	56	0	0	0	3651	1	0	0	3651	0	0	1	0	0	0	0	0	0	0		0	0	0	0	46	3	0	0	3661	80	0	0
MOSAIC	9703	63157		0	0	0	0	0	0	0	0	9696	7	0	0	9696	0	0	7	0	0	0	0	0	0	0		0	0	0	0	0	12	13	0	257	34168	0	0
MP	14264	16532		0	0	0	0	0	0	0	0	14263	1	0	0	14263	0	0	1	0	0	0	0	0	0	0		0	0	0	0	0	0	0	0	16532	0	0	0
MPATH	905	947		0	0	0	0	0	0	0	0	904	1	0	0	904	0	0	1	0	0	0	0	0	0	0		0	0	0	0	0	0	0	0	947	0	0	0
MPIO	124	88		0	0	0	0	0	0	0	0	122	2	0	0	122	0	0	2	0	0	0	0	0	0	0		0	0	0	0	2	13	0	0	51	4	0	0
MPO	364	359		0	0	0	0	0	0	0	0	364	0	0	0	364	0	0	0	0	0	0	0	0	0	0		0	0	0	0	0	32	0	0	325	0	0	0
MRO	178	190		0	0	0	0	0	0	0	0	177	1	0	0	177	0	0	1	0	0	0	0	0	0	0		0	0	0	0	0	0	0	0	126	13	0	0
MS	6465	7326		0	0	0	0	0	0	0	0	6464	1	0	0	6464	0	0	1	0	0	0	0	0	0	0		0	0	0	0	9	5	1	0	5753	1551	0	0
MSO	1355	1176		0	0	0	0	0	0	0	0	1354	1	0	0	1354	0	0	1	0	0	0	0	0	0	0		0	0	0	0	0	0	0	0	1176	0	0	0
MSTDE	1888	10785		0	0	0	0	0	0	0	0	1888	0	0	0	1888	0	0	0	0	0	0	0	0	0	0		0	0	0	0	0	15	4	0	126	10640	0	0
MSTDE-FRE	1860	1846		0	0	0	0	0	0	0	0	1860	0	0	0	1860	0	0	0	0	0	0	0	0	0	0		0	0	0	0	0	15	4	0	126	1701	0	0
MSV	1329	1343		0	0	0	0	0	0	0	0	1328	1	0	0	1328	0	0	1	0	0	0	0	0	0	0		0	0	0	0	0	692	0	0	651	0	0	0
MWLA	258	262		0	0	0	0	0	0	0	0	257	1	0	0	257	0	0	1	0	0	0	0	0	0	0		0	0	0	0	0	0	0	0	32	0	0	0
NANDO	2736	2731		0	0	0	0	0	0	0	0	2736	0	0	0	2736	0	0	0	0	0	0	0	0	0	0		0	0	0	0	0	0	0	0	2731	0	0	0
NATPRO	31493	55122		0	0	0	0	0	0	0	0	31489	4	0	0	31489	0	0	4	0	0	0	0	0	0	0		0	0	0	0	0	0	2	0	12357	20751	0	0
NBO	2886	5180		0	0	0	0	295	0	0	157	1235	1	0	0	1235	0	0	1	0	0	0	0	1198	0	0		89	10	0	13	192	171	33	77	3989	255	0	0
NCBITAXON	1983943	3967992		0	0	0	0	0	0	0	0	1983942	1	0	0	1983942	0	0	1	0	0	0	0	0	0	0		0	0	0	0	0	15	4	0	1983862	1984111	0	0
NCCNEHR	15	14		0	0	0	0	0	0	0	0	14	1	0	0	14	0	0	1	0	0	0	0	0	0	0		0	0	0	0	0	0	0	0	14	0	0	0
NCCO	402	402		0	0	0	0	0	0	0	0	401	1	0	0	401	0	0	1	0	0	0	0	0	0	0		0	0	0	0	0	0	0	0	402	0	0	0
NCIT	171316	195036		0	0	0	0	0	0	0	0	171315	1	0	0	171315	0	0	1	0	0	0	0	0	0	0		0	0	0	0	0	11	0	0	195025	0	0	0
NCRO	11972	33770		0	0	0	0	8	0	0	0	11736	0	0	0	11736	23	0	0	2	199	0	0	4	0	0		0	0	0	1	1	2	2	0	18230	2058	0	0
NDDF	31082	83660		0	0	0	0	0	0	0	0	31082	0	0	0	31082	0	0	0	0	0	0	0	0	0	0		0	0	0	0	33	15	4	33	18648	64927	0	0
NDDO	336	353		0	0	0	0	0	0	0	0	334	2	0	0	334	0	0	2	0	0	0	0	0	0	0		0	0	0	0	13	19	1	0	287	3	0	0
NDFRT	36288	371904		0	0	0	0	0	0	0	0	36287	1	0	0	36287	0	0	1	0	0	0	0	0	0	0		0	0	0	0	0	15	4	0	36132	335753	0	0
NEICBEER	45	43		0	0	0	0	0	0	0	0	44	1	0	0	44	0	0	1	0	0	0	0	0	0	0		0	0	0	0	0	0	0	0	2	0	0	0
NEMO	2026	2209		0	0	0	0	0	0	0	0	2025	1	0	0	2025	0	0	1	0	0	0	0	0	0	0		0	0	0	4	4	58	42	0	1852	173	0	0
NEO	1599	1605		0	0	0	0	0	0	0	0	1599	0	0	0	1599	0	0	0	0	0	0	0	0	0	0		0	0	0	0	0	0	0	0	1605	0	0	0
NEOMARK3	161	131		0	0	0	0	0	0	0	0	57	104	0	0	57	0	0	104	0	0	0	0	0	0	0		0	0	0	0	0	76	0	0	55	0	0	0
NEOMARK4	370	366		0	0	0	0	0	0	0	0	370	0	0	0	370	0	0	0	0	0	0	0	0	0	0		0	0	0	0	0	12	10	0	340	4	0	0
NERO	90	86		0	0	0	0	0	0	0	0	65	25	0	0	65	0	0	25	0	0	0	0	0	0	0		0	0	0	0	0	13	10	0	63	0	0	0
NEUDIGS	45	35		0	0	0	0	0	0	0	0	40	5	0	0	40	0	0	5	0	0	0	0	0	0	0		0	0	0	0	0	11	1	0	23	0	0	0
NEUMORE	34	33		0	0	0	0	0	0	0	0	33	1	0	0	33	0	0	1	0	0	0	0	0	0	0		0	0	0	0	0	0	0	0	33	0	0	0
NGSONTO	124	75		0	0	0	0	0	0	0	0	120	1	0	0	120	1	0	1	0	2	0	0	0	0	0		0	0	0	0	2	0	0	0	59	12	0	0
NIDM-RESULTS	367	228		0	0	0	0	0	0	0	0	364	3	0	0	364	0	0	3	0	0	0	0	0	0	0		0	0	0	0	0	34	3	0	165	2	0	0
NIFCELL	386	374		0	0	0	0	0	0	0	0	385	1	0	0	385	0	0	1	0	0	0	0	0	0	0		0	0	0	0	0	0	0	0	374	0	0	0
NIFDYS	7432	11833		0	0	0	0	66	46	388	1	5307	2	0	0	5307	22	0	2	11	0	0	0	1635	0	0		31	9	1	9	392	716	125	103	8967	334	100	100
NIFSTD	0	0		0	0	0	0	0	0	0	0	0	0	0	0	0	0	0	0	0	0	0	0	0	0	0		0	0	0	0	0	0	0	0	0	0	0	0
NIFSUBCELL	422	411		0	0	0	0	0	0	0	0	421	1	0	0	421	0	0	1	0	0	0	0	0	0	0		0	0	0	0	0	0	0	0	411	0	0	0
NIGO	4860	8039		0	0	0	0	0	945	945	3042	24	1	0	0	24	0	848	1	0	0	0	0	0	0	0		0	0	0	0	0	2	0	0	7230	807	0	0
NIHSS	114	87		0	0	0	0	0	0	0	0	113	1	0	0	113	0	0	1	0	0	0	0	0	0	0		0	0	0	0	0	0	0	0	18	0	0	0
NIO	5277	4243		0	0	0	0	0	0	0	66	4014	43	0	0	4014	1153	0	43	0	0	0	0	1	0	0		0	0	1	82	337	84	30	0	3378	282	0	0
NIST_GEL	62	56		0	0	0	0	0	0	0	0	60	2	0	0	60	0	0	2	0	0	0	0	0	0	0		0	0	0	0	0	4	0	0	52	0	0	0
NLMVS	75209	195739		0	0	0	0	0	0	0	0	75208	1	0	0	75208	0	0	1	0	0	0	0	0	0	0		0	0	0	0	0	15	4	0	5	120542	0	0
NLN	572	537		0	0	0	0	0	0	0	0	572	0	0	0	572	0	0	0	0	0	0	0	0	0	0		0	0	1	9	37	26	19	0	412	15	0	0
NMDCO	8526	12164		0	0	0	0	910	0	3	0	6719	1	0	0	6719	203	0	1	0	0	0	0	690	0	0		214	23	0	141	794	642	106	40	9395	152	0	1
NMOBR	6390	6708		0	0	0	0	0	0	0	0	5444	0	0	0	5444	946	0	0	0	0	0	0	0	0	0		0	0	0	0	0	0	0	0	4231	0	0	0
NMOSP	1957	1952		0	0	0	0	0	0	0	0	1010	1	0	0	1010	946	0	1	0	0	0	0	0	0	0		0	0	0	0	0	0	0	0	1675	0	0	0
NMR	810	802		0	0	0	0	0	0	0	0	810	0	0	0	810	0	0	0	0	0	0	0	0	0	0		0	0	0	0	0	0	0	0	802	0	0	0
NOMEN	386	364		0	0	0	0	0	0	0	0	385	1	0	0	385	0	0	1	0	0	0	0	0	0	0		0	0	0	0	0	103	0	0	261	0	0	0
NONRCTO	189	186		0	0	0	0	0	0	0	0	189	0	0	0	189	0	0	0	0	0	0	0	0	0	0		0	0	0	0	0	0	0	0	155	0	0	0
NPI	47	44		0	0	0	0	0	0	0	0	47	0	0	0	47	0	0	0	0	0	0	0	0	0	0		0	0	0	0	0	0	0	0	44	0	0	0
NPO	1984	2461		0	0	0	0	0	0	0	0	1984	0	0	0	1984	0	0	0	0	0	0	0	0	0	0		0	0	0	0	0	64	2	0	2395	0	0	0
NPOKB	4602	5291		0	0	0	0	123	0	0	0	3295	3	0	0	3295	50	0	3	40	4	0	0	1087	0	0		0	0	0	0	0	63	4	0	5145	0	0	0
NXDX	446	444		0	0	0	0	0	0	0	0	436	10	0	0	436	0	0	10	0	0	0	0	0	0	0		0	0	0	0	0	3	0	0	397	26	0	0
OA	74	42		0	0	0	0	0	0	0	0	73	1	0	0	73	0	0	1	0	0	0	0	0	0	0		0	0	0	0	0	0	0	0	25	0	0	0
OAE	7099	9155		0	0	0	0	266	0	0	7	5633	1	0	0	5633	6	0	1	0	0	0	0	1186	0	0		3	15	0	1	214	77	14	57	6545	1578	0	0
OARCS	645	684		0	0	0	0	0	0	0	0	644	1	0	0	644	0	0	1	0	0	0	0	0	0	0		0	0	0	0	0	0	0	0	310	51	0	0
OBA	21244	54992		0	0	0	0	1128	432	1313	5108	8402	1	0	0	8402	104	236	1	229	21	0	0	4702	0	0		447	10	0	74	618	279	45	133	42943	5928	802	800
OBCS	909	1203		0	0	0	0	7	0	1	0	891	0	0	0	891	4	0	0	1	5	0	0	0	0	0		0	1	8	24	51	24	12	0	862	176	0	0
OBI	5096	7206		0	0	0	0	112	0	40	0	4742	2	0	0	4742	48	0	2	36	9	0	1	106	0	0		22	2	8	158	464	60	24	0	5459	661	0	0
OBIB	2219	2420		0	0	0	0	48	0	9	0	2006	1	0	0	2006	22	0	1	2	1	0	0	130	0	0		7	0	0	34	52	49	18	0	1957	83	0	0
OBIWS	302	382		0	0	0	0	6	0	0	0	260	1	0	0	260	32	0	1	0	3	0	0	0	0	0		0	0	0	6	22	11	9	0	227	45	0	0
OBI_BCGO	2463	3830		0	0	0	0	86	0	178	0	1748	1	0	0	1748	19	0	1	79	35	0	0	317	0	0		2	2	0	89	316	39	25	0	2896	351	0	0
OBI_IEE	3968	5436		0	0	0	0	70	0	28	0	3721	2	0	0	3721	45	0	2	15	8	0	1	78	0	0		22	3	8	186	440	59	23	0	3829	623	0	0
OBOE	320	335		0	0	0	0	0	0	0	0	320	0	0	0	320	0	0	0	0	0	0	0	0	0	0		0	0	0	0	0	0	1	0	297	37	0	0
OBOE-SBC	663	710		0	0	0	0	0	0	0	0	645	18	0	0	645	0	0	18	0	0	0	0	0	0	0		0	0	0	0	0	2	9	0	664	35	0	0
OBOREL	795	840		0	0	0	0	0	0	3	0	791	1	0	0	791	0	0	1	0	0	0	0	0	0	0		0	0	0	0	1	660	107	0	72	0	0	0
OBS	110	135		0	0	0	0	0	0	0	0	81	29	0	0	81	0	0	29	0	0	0	0	0	0	0		0	0	0	0	0	23	3	0	53	0	0	0
OCE	290	426		0	0	0	0	186	0	0	0	102	2	0	0	102	0	0	2	0	0	0	0	0	0	0		52	0	0	0	4	1	0	0	343	26	0	0
OCHV	115676	115664		0	0	0	0	0	0	0	0	115675	1	0	0	115675	0	0	1	0	0	0	0	0	0	0		0	0	0	0	0	15	4	0	115645	0	0	0
OCIMIDO	672	713		0	0	0	0	0	0	0	0	671	1	0	0	671	0	0	1	0	0	0	0	0	0	0		0	0	0	0	0	0	2	0	711	0	0	0
OCMR	3560	8558		0	0	0	0	2194	0	0	0	607	1	0	0	607	54	0	1	0	0	0	0	704	0	0		1104	12	0	0	855	65	12	37	4798	1135	0	0
OCRE	671	544		0	0	0	0	0	0	0	0	670	1	0	0	670	0	0	1	0	0	0	0	0	0	0		0	0	0	0	0	83	30	0	388	0	0	0
OCVDAE	3170	8261		0	0	0	0	0	0	0	7	2363	1	0	0	2363	5	0	1	0	0	0	0	794	0	0		0	12	0	0	169	67	13	42	3672	3947	0	0
ODAE	3917	5424		0	0	0	0	0	0	0	0	3193	1	0	0	3193	6	0	1	0	0	0	0	717	0	0		0	12	0	0	160	73	12	34	4652	198	0	0
ODNAE	1688	3078		0	0	0	0	500	0	29	131	972	1	0	0	972	5	0	1	0	0	0	0	50	0	0		10	8	0	0	8	74	12	0	2258	658	0	0
OF	509	499		0	0	0	0	0	0	0	0	508	1	0	0	508	0	0	1	0	0	0	0	0	0	0		0	0	0	0	0	0	0	0	292	1	0	0
OFSMR	160	159		0	0	0	0	0	0	0	0	159	1	0	0	159	0	0	1	0	0	0	0	0	0	0		0	0	0	0	0	0	0	0	159	0	0	0
OGDI	817	1488		0	0	0	0	0	0	0	0	771	46	0	0	771	0	0	46	0	0	0	0	0	0	0		0	0	0	0	0	14	18	0	392	701	0	0
OGG	69811	69888		0	0	0	0	0	0	0	0	69797	1	0	0	69797	13	0	1	0	0	0	0	0	0	0		0	0	0	0	28	61	24	0	69689	86	0	0
OGG-MM	69554	69560		0	0	0	0	0	0	0	0	69551	1	0	0	69551	2	0	1	0	0	0	0	0	0	0		0	0	0	0	6	61	24	0	69433	36	0	0
OGI	261	304		0	0	0	0	1	0	0	0	228	30	0	0	228	0	0	30	0	2	0	0	0	0	0		0	0	0	0	0	26	3	0	190	67	0	0
OGMD	140	135		0	0	0	0	0	0	0	0	139	1	0	0	139	0	0	1	0	0	0	0	0	0	0		0	0	0	0	0	0	0	0	135	0	0	0
OGMS	242	202		0	0	0	0	0	0	0	0	242	0	0	0	242	0	0	0	0	0	0	0	0	0	0		0	0	0	0	0	0	0	0	185	0	0	0
OGR	40	39		0	0	0	0	0	0	0	0	39	1	0	0	39	0	0	1	0	0	0	0	0	0	0		0	0	0	0	0	0	0	0	39	0	0	0
OGROUP	42	11		0	0	0	0	0	0	0	0	40	2	0	0	40	0	0	2	0	0	0	0	0	0	0		0	0	0	0	0	4	0	0	4	0	0	0
OGSF	590	718		0	0	0	0	6	5	5	5	514	30	0	0	514	25	0	30	0	5	0	0	0	0	0		0	3	0	0	2	78	28	0	416	144	0	0
OHD	2911	6252		0	0	0	0	0	0	0	0	2909	1	0	0	2909	1	0	1	0	0	0	0	0	0	0		0	0	0	9	72	45	22	0	4150	1591	0	0
OHMI	1233	1884		0	0	0	1	7	0	3	4	836	1	0	0	836	352	0	1	1	1	0	4	23	0	0		7	0	0	11	16	120	30	0	1062	433	0	0
OHPI	12025	33512		0	0	0	0	2	0	27	90	9676	20	0	0	9676	549	14	20	4	0	0	0	1643	0	0		3086	11	0	5	1097	297	65	102	15075	12971	22	22
OLAM	336	344		0	0	0	0	0	0	0	2	281	0	0	0	281	51	0	0	2	0	0	0	0	0	0		9	1	0	3	10	29	14	0	210	35	0	0
OLATDV	59	90		0	0	0	0	0	0	0	0	58	1	0	0	58	0	0	1	0	0	0	0	0	0	0		0	42	0	0	0	1	0	0	47	0	0	0
OM	2525	12932		0	0	0	0	0	0	0	0	2521	4	0	0	2521	0	0	4	0	0	0	0	0	0	0		0	0	0	0	0	0	0	0	816	10188	0	0
OMIM	99214	458319		0	0	0	0	0	0	0	0	99213	1	0	0	99213	0	0	1	0	0	0	0	0	0	0		0	0	0	0	0	15	4	0	44460	413840	0	0
OMIT	91017	103178		0	0	0	0	9	0	0	0	90803	0	0	0	90803	0	0	0	2	199	0	0	4	0	0		0	0	0	1	18	6	2	0	101064	2064	0	0
OMO	86	45		0	0	0	0	0	0	0	0	86	0	0	0	86	0	0	0	0	0	0	0	0	0	0		0	0	0	0	0	0	0	0	27	0	0	0
OMP	2399	2904		0	0	0	0	6	5	5	86	2301	1	0	0	2301	0	0	1	0	0	0	0	0	0	0		0	0	0	0	1	8	0	0	2760	125	0	4
OMRSE	853	1005		0	0	0	0	0	0	0	0	850	2	0	0	850	1	0	2	0	0	0	0	0	0	0		0	0	1	13	53	161	38	1	628	74	0	0
OMV	128	72		0	0	0	0	0	0	0	0	128	0	0	0	128	0	0	0	0	0	0	0	0	0	0		0	0	0	0	0	0	7	0	15	0	0	0
ONE	4313	5876		0	0	0	0	59	0	26	0	4053	2	0	0	4053	42	0	2	15	9	0	1	106	0	0		22	2	8	156	455	66	24	0	4187	619	0	0
ONL-DP	715	769		0	0	0	0	0	0	0	0	651	64	0	0	651	0	0	64	0	0	0	0	0	0	0		0	0	0	0	0	59	68	0	642	0	0	0
ONL-MR-DA	939	1042		0	0	0	0	0	0	0	0	855	84	0	0	855	0	0	84	0	0	0	0	0	0	0		0	0	0	0	0	75	72	0	811	0	0	0
ONL-MSA	1541	2709		0	0	0	0	0	0	0	0	1458	83	0	0	1458	0	0	83	0	0	0	0	0	0	0		0	0	0	0	0	69	75	0	1403	0	0	0
ONL-TASKS	48	48		0	0	0	0	0	0	0	0	47	1	0	0	47	0	0	1	0	0	0	0	0	0	0		0	0	0	0	0	0	0	0	48	0	0	0
ONLIRA	94	57		0	0	0	0	0	0	0	0	91	3	0	0	91	0	0	3	0	0	0	0	0	0	0		0	0	0	0	0	2	0	0	55	0	0	0
ONS	6387	8716		0	0	0	0	15	0	3	78	4073	9	0	0	4073	2163	7	9	1	1	0	11	26	0	0		6	0	0	30	66	65	33	7	8092	181	0	0
ONSTR	2002	1990		0	0	0	0	239	0	0	0	1758	5	0	0	1758	0	0	5	0	0	0	0	0	0	0		0	0	0	0	0	12	7	0	1888	0	0	0
ONTOAD	6003	19282		0	0	0	0	0	0	0	0	5988	15	0	0	5988	0	0	15	0	0	0	0	0	0	0		0	0	0	0	0	26	0	0	8367	10889	0	0
ONTOAVIDA	8711	9702		0	0	0	0	0	0	0	0	8710	1	0	0	8710	0	0	1	0	0	0	0	0	0	0		0	0	0	0	0	6017	3005	0	674	6	0	0
ONTODM-CORE	820	820		0	0	0	0	0	0	0	0	819	1	0	0	819	0	0	1	0	0	0	0	0	0	0		0	0	0	8	8	13	6	0	475	303	0	0
ONTODM-KDD	298	420		0	0	0	0	0	0	0	0	292	6	0	0	292	0	0	6	0	0	0	0	0	0	0		0	0	0	0	0	13	7	0	263	137	0	0
ONTODT	425	518		0	0	0	0	0	0	0	0	424	1	0	0	424	0	0	1	0	0	0	0	0	0	0		0	0	0	0	0	13	6	0	405	94	0	0
ONTOKBCF	429	558		0	0	0	0	0	0	0	0	408	21	0	0	408	0	0	21	0	0	0	0	0	0	0		0	0	0	0	0	14	1	0	543	0	0	0
ONTOLURGENCES	10093	11008		0	0	0	0	0	0	0	0	10071	22	0	0	10071	0	0	22	0	0	0	0	0	0	0		0	0	0	0	0	57	4	0	10947	0	0	0
ONTOMA	465	468		0	0	0	0	0	0	0	0	465	0	0	0	465	0	0	0	0	0	0	0	0	0	0		0	0	0	0	0	0	0	0	441	0	0	0
ONTONEO	2393	2501		0	0	0	0	0	0	8	99	2156	1	0	0	2156	8	0	1	0	0	0	83	38	0	0		1	17	0	5	8	407	77	0	1910	43	0	0
ONTOPARON	2504	2491		0	0	0	0	0	0	0	0	2501	3	0	0	2501	0	0	3	0	0	0	0	0	0	0		0	0	0	0	0	13	4	0	2474	0	0	0
ONTOPARON_SOCIAL	1290	1286		0	0	0	0	0	0	0	0	1288	2	0	0	1288	0	0	2	0	0	0	0	0	0	0		0	0	0	0	0	1	0	0	1285	0	0	0
ONTOPBM	267	304		0	0	0	0	0	0	0	0	265	2	0	0	265	0	0	2	0	0	0	0	0	0	0		3	0	0	1	56	11	7	3	178	20	0	0
ONTOPNEUMO	1178	1167		0	0	0	0	0	0	0	0	1177	1	0	0	1177	0	0	1	0	0	0	0	0	0	0		0	0	0	0	0	12	0	0	1155	0	0	0
ONTOPSYCHIA	1920	2044		0	0	0	0	0	0	0	0	1920	0	0	0	1920	0	0	0	0	0	0	0	0	0	0		0	0	0	0	0	187	4	0	1853	0	0	0
ONTOREPLICOV	105	153		0	0	0	0	0	0	0	0	100	5	0	0	100	0	0	5	0	0	0	0	0	0	0		0	0	0	0	0	3	0	0	127	8	0	0
ONTOSIM	113	25		0	0	0	0	0	0	0	0	112	1	0	0	112	0	0	1	0	0	0	0	0	0	0		0	0	0	0	0	10	5	0	10	0	0	0
ONTOSINASC	100	30		0	0	0	0	0	0	0	0	99	1	0	0	99	0	0	1	0	0	0	0	0	0	0		0	0	0	0	0	17	6	0	7	0	0	0
ONTOTOX	18	16		0	0	0	0	0	0	0	0	16	2	0	0	16	0	0	2	0	0	0	0	0	0	0		0	0	0	0	0	0	1	0	15	0	0	0
ONTOTOXNUC	651	652		0	0	0	0	0	0	0	0	651	0	0	0	651	0	0	0	0	0	0	0	0	0	0		0	0	0	0	0	0	0	0	652	0	0	0
OOEVV	169	85		0	0	0	0	0	0	0	0	168	1	0	0	168	0	0	1	0	0	0	0	0	0	0		0	0	0	0	0	0	0	0	67	0	0	0
OOSTT	846	884		0	0	0	0	0	0	0	0	843	2	0	0	843	1	0	2	0	0	0	0	0	0	0		0	0	1	11	44	49	20	0	702	41	0	0
OPB	919	906		0	0	0	0	0	0	0	0	918	1	0	0	918	0	0	1	0	0	0	0	0	0	0		0	0	0	0	0	52	7	0	847	0	0	0
OPDE	62	61		0	0	0	0	0	0	0	0	61	1	0	0	61	0	0	1	0	0	0	0	0	0	0		0	0	0	0	0	0	0	0	2	0	0	0
OPDRE	59	0		0	0	0	0	0	0	0	0	59	0	0	0	59	0	0	0	0	0	0	0	0	0	0		0	0	0	0	0	0	0	0	0	0	0	0
OPDRONT	37	22		0	0	0	0	0	0	0	0	36	1	0	0	36	0	0	1	0	0	0	0	0	0	0		0	0	0	0	0	0	0	0	2	0	0	0
OPDT	9	8		0	0	0	0	0	0	0	0	8	1	0	0	8	0	0	1	0	0	0	0	0	0	0		0	0	0	0	0	0	0	0	2	0	0	0
OPDZIMBABWE	10	6		0	0	0	0	0	0	0	0	9	1	0	0	9	0	0	1	0	0	0	0	0	0	0		0	0	0	0	0	0	0	0	2	0	0	0
OPE	651	669		0	0	0	0	0	0	0	0	636	15	0	0	636	0	0	15	0	0	0	0	0	0	0		0	0	0	0	0	7	3	0	659	0	0	0
OPL	561	901		0	0	0	0	0	0	3	2	516	0	0	0	516	26	0	0	0	0	0	0	14	0	0		16	0	0	0	4	13	14	0	625	13	0	0
OPMI	3233	3877		0	0	0	4	58	0	0	0	2845	1	0	0	2845	36	0	1	1	0	0	32	256	0	0		4	10	0	9	93	118	28	12	3341	141	0	0
OPTIMAL	513	513		0	0	0	0	0	0	0	0	513	0	0	0	513	0	0	0	0	0	0	0	0	0	0		0	0	0	0	0	0	0	0	141	1	0	0
OPTION-ONTOLOGY	475	515		0	0	0	0	0	0	0	0	473	2	0	0	473	0	0	2	0	0	0	0	0	0	0		0	0	1	13	49	29	21	0	346	34	0	0
ORCS	1486	1621		0	0	0	0	0	0	0	0	1369	4	0	0	1369	1	0	4	0	0	0	0	112	0	0		0	0	1	13	54	427	76	1	876	94	0	0
ORDO	15241	24351		0	0	0	0	0	0	0	0	15240	1	0	0	15240	0	0	1	0	0	0	0	0	0	0		0	0	0	0	0	0	0	0	24351	0	0	0
ORNASEQ	180	175		0	0	0	0	2	0	6	0	169	0	0	0	169	1	0	0	0	1	0	0	1	0	0		1	0	0	0	0	5	0	0	163	3	0	0
ORTH	75	63		0	0	0	0	0	0	0	0	70	1	0	0	70	0	0	1	0	4	0	0	0	0	0		0	0	0	0	0	14	4	0	42	2	0	0
OSM	302	301		0	0	0	0	0	0	0	0	301	1	0	0	301	0	0	1	0	0	0	0	0	0	0		0	0	0	0	0	0	0	0	280	0	0	0
OVAE	1870	3282		0	0	0	0	7	0	0	0	1312	2	0	0	1312	89	0	2	0	0	0	0	460	0	0		27	11	0	86	242	81	19	28	2299	334	0	0
OntoVIP	940	1042		0	0	0	0	0	0	0	0	856	84	0	0	856	0	0	84	0	0	0	0	0	0	0		0	0	0	0	0	75	72	0	811	0	0	0
PACO	304	332		0	0	0	0	0	0	0	0	282	22	0	0	282	0	0	22	0	0	0	0	0	0	0		0	0	0	0	0	1	10	0	227	37	0	0
PAE	1581	1460		0	0	0	0	0	0	0	0	1580	1	0	0	1580	0	0	1	0	0	0	0	0	0	0		0	0	0	0	31	0	0	0	1413	5	0	0
PANDA	126	80		0	0	0	0	0	0	0	0	126	0	0	0	126	0	0	0	0	0	0	0	0	0	0		0	0	0	0	0	6	2	0	72	0	0	0
PANET	389	824		0	0	0	0	0	0	0	0	389	0	0	0	389	0	0	0	0	0	0	0	0	0	0		0	0	0	0	0	0	0	0	755	0	0	0
PARTUMDO	5578	14482		0	0	0	0	0	0	0	0	5578	0	0	0	5578	0	0	0	0	0	0	0	0	0	0		0	0	0	0	0	0	0	0	787	4837	0	0
PATCT	161	159		0	0	0	0	0	0	0	0	161	0	0	0	161	0	0	0	0	0	0	0	0	0	0		0	0	0	0	0	0	0	0	159	0	0	0
PATEL	146	141		0	0	0	0	0	0	0	0	123	23	0	0	123	0	0	23	0	0	0	0	0	0	0		0	0	0	0	0	18	0	0	123	0	0	0
PATGV	84	72		0	0	0	0	0	0	0	0	84	0	0	0	84	0	0	0	0	0	0	0	0	0	0		0	0	0	0	0	0	0	0	72	0	0	0
PATHLEX	1787	1785		0	0	0	0	0	0	0	0	1787	0	0	0	1787	0	0	0	0	0	0	0	0	0	0		0	0	0	0	0	0	0	0	1785	0	0	0
PATIT	150	139		0	0	0	0	0	0	0	0	150	0	0	0	150	0	0	0	0	0	0	0	0	0	0		0	0	0	0	0	0	0	0	139	0	0	0
PATMHC	236	235		0	0	0	0	0	0	0	0	236	0	0	0	236	0	0	0	0	0	0	0	0	0	0		0	0	0	0	0	0	0	0	235	0	0	0
PATO	9491	20621		0	0	0	0	396	201	678	3351	3163	1	0	0	3163	104	115	1	141	0	0	0	1542	0	0		112	9	0	65	548	282	46	97	15221	725	510	513
PAV	53	37		0	0	0	0	0	0	0	0	52	1	0	0	52	0	0	1	0	0	0	0	0	0	0		0	0	0	0	0	24	2	0	2	0	0	0
PCALION	446	444		0	0	0	0	0	0	0	0	436	10	0	0	436	0	0	10	0	0	0	0	0	0	0		0	0	0	0	0	3	0	0	397	26	0	0
PCAO	637	657		0	0	0	0	0	0	0	0	636	1	0	0	636	0	0	1	0	0	0	0	0	0	0		0	0	0	0	0	0	0	0	657	0	0	0
PCL	120912	136212		0	0	0	0	400	219	797	3550	113712	2	0	0	113712	119	187	2	241	5	0	0	1899	0	0		115	9	0	71	593	299	50	121	127638	2291	542	546
PCMO	239	383		0	0	0	0	0	0	0	0	219	20	0	0	219	0	0	20	0	0	0	0	0	0	0		0	0	0	0	0	14	0	0	20	150	0	0
PCO	423	411		0	0	0	0	0	0	0	6	371	1	0	0	371	45	0	1	0	0	0	0	0	0	0		0	0	0	3	6	103	29	0	246	8	0	0
PDO	402	423		0	0	0	0	0	0	0	0	393	9	0	0	393	0	0	9	0	0	0	0	0	0	0		0	0	0	0	0	1	3	0	419	0	0	0
PDON	633	631		0	0	0	0	0	0	0	0	633	0	0	0	633	0	0	0	0	0	0	0	0	0	0		0	0	0	0	0	0	0	0	631	0	0	0
PDO_CAS	12561	31186		0	0	0	0	0	0	0	0	12539	22	0	0	12539	0	0	22	0	0	0	0	0	0	0		0	0	0	0	0	0	11	0	379	18639	0	0
PDQ	13502	46310		0	0	0	0	0	0	0	0	13501	1	0	0	13501	0	0	1	0	0	0	0	0	0	0		0	0	0	0	0	15	4	0	4420	41871	0	0
PDRO	13864	16970		0	0	0	4	1965	0	40	4	11354	2	0	0	11354	71	3	2	36	9	0	33	343	0	0		24	12	11	177	610	287	57	13	14431	880	0	0
PDUMDV	35	41		0	0	0	0	0	0	0	0	34	1	0	0	34	0	0	1	0	0	0	0	0	0	0		0	19	0	0	0	1	0	0	21	0	0	0
PE	115	128		0	0	0	0	0	0	0	0	114	1	0	0	114	0	0	1	0	0	0	0	0	0	0		0	0	0	0	0	0	0	0	128	0	0	0
PE-O	1267	1263		0	0	0	0	0	0	0	0	1267	0	0	0	1267	0	0	0	0	0	0	0	0	0	0		0	0	0	0	0	1	1	0	1261	0	0	0
PEAO	2376	2613		0	0	0	0	0	0	0	0	2376	0	0	0	2376	0	0	0	0	0	0	0	0	0	0		0	0	0	0	0	12	0	0	2601	0	0	0
PECO	3244	5046		0	0	0	0	1500	0	0	0	1363	113	0	0	1363	268	0	113	0	0	0	0	0	0	0		635	0	0	7	127	127	28	1	3636	473	0	0
PEDTERM	1772	1771		0	0	0	0	0	0	0	0	1771	1	0	0	1771	0	0	1	0	0	0	0	0	0	0		0	0	0	0	0	0	0	0	1771	0	0	0
PEO	187	204		0	0	0	0	0	0	0	0	169	18	0	0	169	0	0	18	0	0	0	0	0	0	0		0	0	0	0	0	13	0	0	142	0	0	0
PESONT	215	212		0	0	0	0	0	0	0	0	58	157	0	0	58	0	0	157	0	0	0	0	0	0	0		0	0	0	0	0	0	2	0	160	0	0	0
PGXO	25	17		0	0	0	0	0	0	0	0	22	3	0	0	22	0	0	3	0	0	0	0	0	0	0		0	0	0	0	0	0	2	0	15	0	0	0
PHAGE	50973	91827		0	0	0	0	0	4468	4468	30473	3711	27	0	0	3711	0	12294	27	0	0	0	0	0	0	0		0	0	0	0	803	28	1	0	81086	14	3062	3089
PHENX	534	533		0	0	0	0	0	0	0	0	533	1	0	0	533	0	0	1	0	0	0	0	0	0	0		0	0	0	0	0	0	0	0	533	0	0	0
PHFUMIADO	895	2835		0	0	0	0	0	0	0	0	894	1	0	0	894	0	0	1	0	0	0	0	0	0	0		0	0	0	0	0	0	0	0	880	1955	0	0
PHIPO	3485	6155		0	0	0	0	1801	31	34	198	1411	2	0	0	1411	0	38	2	0	0	0	0	1	0	0		786	0	0	0	149	121	25	0	4496	557	0	0
PHMAMMADO	895	2835		0	0	0	0	0	0	0	0	894	1	0	0	894	0	0	1	0	0	0	0	0	0	0		0	0	0	0	0	0	0	0	880	1955	0	0
PHYLONT	159	165		0	0	0	0	0	0	0	0	150	9	0	0	150	0	0	9	0	0	0	0	0	0	0		0	0	0	0	0	8	0	0	155	0	0	0
PIERO	107	152		0	0	0	0	0	0	0	0	36	71	0	0	36	0	0	71	0	0	0	0	0	0	0		0	0	0	0	0	75	10	0	67	0	0	0
PLANA	1073	2996		0	0	0	0	0	1	1	64	997	0	0	0	997	0	0	0	1	0	0	0	10	0	0		0	0	0	0	3	140	34	731	1142	610	0	0
PLANP	3845	9053		0	0	0	0	0	182	184	1712	1865	1	0	0	1865	0	66	1	0	0	0	0	17	0	0		0	0	0	0	86	206	42	656	6419	676	244	244
PLANTSO	3879	4170		0	0	0	0	36	0	0	0	431	3	0	0	431	3409	0	3	0	0	0	0	0	0	0		2	1	0	112	128	128	24	0	3775	0	0	0
PLIO	376	375		0	0	0	0	0	0	0	0	376	0	0	0	376	0	0	0	0	0	0	0	0	0	0		0	0	0	0	0	0	0	0	375	0	0	0
PLOSTHES	10718	10716		0	0	0	0	0	0	0	0	10717	1	0	0	10717	0	0	1	0	0	0	0	0	0	0		0	0	0	0	0	0	0	0	4	0	0	0
PMA	2086	2084		0	0	0	0	0	0	0	0	2085	1	0	0	2085	0	0	1	0	0	0	0	0	0	0		0	0	0	0	0	0	0	0	2084	0	0	0
PMAPP-PMO	76268	121163		0	0	0	0	0	0	0	0	76267	1	0	0	76267	0	0	1	0	0	0	0	0	0	0		0	0	0	0	0	94	0	0	121069	0	0	0
PMD	570	579		0	0	0	0	0	0	0	0	570	0	0	0	570	0	0	0	0	0	0	0	0	0	0		0	0	0	0	0	22	19	0	538	0	0	0
PMDO	475	470		0	0	0	0	0	0	0	0	470	5	0	0	470	0	0	5	0	0	0	0	0	0	0		0	0	0	0	0	0	2	0	468	0	0	0
PMO	82	61		0	0	0	0	0	0	0	0	77	5	0	0	77	0	0	5	0	0	0	0	0	0	0		0	0	0	0	0	11	4	0	46	0	0	0
PMO-SPEED	17	16		0	0	0	0	0	0	0	0	16	1	0	0	16	0	0	1	0	0	0	0	0	0	0		0	0	0	0	0	0	0	0	2	0	0	0
PMR	1705	4108		0	0	0	0	0	0	0	0	1656	49	0	0	1656	0	0	49	0	0	0	0	0	0	0		0	0	0	0	0	16	7	0	1610	1404	0	0
PNADO	1704	1693		0	0	0	0	0	0	0	0	1608	0	0	0	1608	0	0	0	0	0	0	96	0	0	0		0	0	0	0	0	25	5	0	1643	2	0	0
PO	2159	2087		0	0	0	0	0	0	0	0	2147	1	0	0	2147	11	0	1	0	0	0	0	0	0	0		0	20	0	15	57	121	23	0	1814	2	0	0
PORO	970	1146		0	0	0	0	127	0	14	0	808	1	0	0	808	0	0	1	0	0	0	0	20	0	0		15	0	0	0	46	43	11	0	971	40	0	0
PP	20	14		0	0	0	0	0	0	0	0	20	0	0	0	20	0	0	0	0	0	0	0	0	0	0		0	0	0	0	0	0	0	0	14	0	0	0
PPO	563	929		0	0	0	0	0	0	0	37	523	0	0	0	523	0	0	0	0	0	0	0	3	0	0		0	10	0	0	8	19	12	0	742	7	0	0
PR	333041	881508		100083	0	0	0	38	126	128	6	1074	1	0	0	1074	691	26	1	230986	8	0	0	0	0	0		1	0	0	0	23907	0	0	0	461528	106824	0	0
PREGONTO	42	39		0	0	0	0	0	0	0	0	41	1	0	0	41	0	0	1	0	0	0	0	0	0	0		0	0	0	0	0	0	0	0	39	0	0	0
PREMEDONTO	588	576		0	0	0	0	0	0	0	0	588	0	0	0	588	0	0	0	0	0	0	0	0	0	0		0	0	0	0	0	0	0	8	561	5	0	0
PREO	297	294		0	0	0	0	0	0	0	0	279	18	0	0	279	0	0	18	0	0	0	0	0	0	0		0	0	0	0	0	10	3	0	281	0	0	0
PROCCHEMICAL	56	83		0	0	0	0	0	0	0	0	55	1	0	0	55	0	0	1	0	0	0	0	0	0	0		0	0	0	0	0	0	0	0	83	0	0	0
PROJ	261	206		0	0	0	0	0	0	0	0	251	10	0	0	251	0	0	10	0	0	0	0	0	0	0		0	0	0	0	0	63	47	0	73	13	0	0
PROPREO	473	507		0	0	0	0	0	0	0	0	447	26	0	0	447	0	0	26	0	0	0	0	0	0	0		0	0	0	0	0	20	1	0	426	14	0	0
PROVO	101	73		0	0	0	0	0	0	0	0	99	2	0	0	99	0	0	2	0	0	0	0	0	0	0		0	0	0	0	0	33	3	0	35	2	0	0
PSDO	1289	2022		0	0	0	0	7	0	3	0	1260	2	0	0	1260	13	0	2	1	1	0	0	2	0	0		0	7	1	164	266	44	27	0	1190	286	0	0
PSDS	377	298		0	0	0	0	0	0	0	0	376	1	0	0	376	0	0	1	0	0	0	0	0	0	0		0	0	0	0	1	0	0	0	293	4	0	0
PSIMOD	2128	3715		0	0	0	0	0	0	0	0	2127	1	0	0	2127	0	0	1	0	0	0	0	0	0	0		0	0	0	0	0	0	0	0	3570	145	0	0
PSO	637	988		0	0	0	0	0	0	0	0	569	68	0	0	569	0	0	68	0	0	0	0	0	0	0		0	0	0	0	0	60	0	0	928	0	0	0
PSO_2	292	434		0	0	0	0	0	0	0	0	291	1	0	0	291	0	0	1	0	0	0	0	0	0	0		0	0	0	0	0	0	0	0	434	0	0	0
PTO	1574	1751		0	0	0	0	0	0	0	0	1573	1	0	0	1573	0	0	1	0	0	0	0	0	0	0		0	0	0	0	0	0	0	0	1751	0	0	0
PTRANS	38	25		0	0	0	0	0	0	0	0	37	1	0	0	37	0	0	1	0	0	0	0	0	0	0		0	0	0	0	0	0	0	0	25	0	0	0
PTS	6632	7433		0	0	0	0	0	0	0	0	6632	0	0	0	6632	0	0	0	0	0	0	0	0	0	0		0	0	0	0	0	2	0	0	7131	300	0	0
PVONTO	34	33		0	0	0	0	0	0	0	0	33	1	0	0	33	0	0	1	0	0	0	0	0	0	0		0	0	0	0	0	0	0	0	33	0	0	0
PW	2844	3123		0	0	0	0	0	0	0	0	208	1	0	0	208	0	0	1	0	0	2635	0	0	0	0		0	0	0	0	0	0	0	0	3123	0	0	0
QUDT	844	826		0	0	0	0	0	0	0	0	835	9	0	0	835	0	0	9	0	0	0	0	0	0	0		0	0	0	0	0	105	20	0	405	65	0	0
QUDT2	409	277		0	0	0	0	0	0	0	0	379	30	0	0	379	0	0	30	0	0	0	0	0	0	0		0	0	0	0	0	50	22	0	121	33	0	0
RADLEX	47491	133729		0	0	0	0	0	0	0	0	47449	42	0	0	47449	0	0	42	0	0	0	0	0	0	0		0	0	0	0	0	12	19	0	46762	62861	0	0
RAO	281	351		0	0	0	0	0	0	0	0	280	1	0	0	280	0	0	1	0	0	0	0	0	0	0		0	0	0	0	0	0	0	0	351	0	0	0
RB	739	586		0	0	0	0	0	0	2	0	736	1	0	0	736	0	0	1	0	0	0	0	0	0	0		0	0	0	0	0	7	1	0	578	0	0	0
RBO	4273	7584		0	0	0	0	168	10	174	137	2344	0	0	0	2344	265	5	0	5	0	0	0	1175	0	0		74	9	1	20	366	233	53	100	5370	317	51	52
RCD	140100	298196		0	0	0	0	0	0	0	0	140099	1	0	0	140099	0	0	1	0	0	0	0	0	0	0		0	0	0	0	0	15	4	0	149020	149157	0	0
RCTONT	305	259		0	0	0	0	0	0	0	0	305	0	0	0	305	0	0	0	0	0	0	0	0	0	0		0	0	0	0	0	13	7	0	194	0	0	0
RCTV2	88855	88854		0	0	0	0	0	0	0	0	88854	1	0	0	88854	0	0	1	0	0	0	0	0	0	0		0	0	0	0	0	0	0	0	88854	0	0	0
RDA-CONTENT	28	27		0	0	0	0	0	0	0	0	27	1	0	0	27	0	0	1	0	0	0	0	0	0	0		0	0	0	0	0	0	0	0	2	0	0	0
RDA-ISSUANCE	11	10		0	0	0	0	0	0	0	0	10	1	0	0	10	0	0	1	0	0	0	0	0	0	0		0	0	0	0	0	0	0	0	2	0	0	0
RDFS	18	7		0	0	0	0	0	0	0	0	17	1	0	0	17	0	0	1	0	0	0	0	0	0	0		0	0	0	0	0	0	0	0	7	0	0	0
RDL	617954	1265864		0	0	0	0	0	0	0	0	617954	0	0	0	617954	0	0	0	0	0	0	0	0	0	0		0	0	0	0	0	0	0	0	212	647904	0	0
RDO	372	414		0	0	0	0	0	0	0	0	364	8	0	0	364	0	0	8	0	0	0	0	0	0	0		0	0	0	0	0	5	1	0	405	0	0	0
REPO	97	95		0	0	0	0	0	0	0	0	97	0	0	0	97	0	0	0	0	0	0	0	0	0	0		0	0	0	0	0	0	0	0	95	0	0	0
REPRODUCE-ME	692	669		0	0	0	0	0	0	0	0	688	4	0	0	688	0	0	4	0	0	0	0	0	0	0		0	0	0	0	0	44	5	0	369	2	0	0
RETO	147751	941798		0	0	0	0	0	3684	3684	490	133712	1	0	0	133712	3	9860	1	1	0	0	0	0	0	0		0	0	0	0	0	0	0	140159	152174	519794	14	15
REX	565	683		0	0	0	0	0	0	0	0	564	1	0	0	564	0	0	1	0	0	0	0	0	0	0		0	0	0	0	0	0	0	0	661	22	0	0
REXO	158252	997564		0	0	0	0	0	3684	3684	784	143919	1	0	0	143919	3	9860	1	1	0	0	0	0	0	0		0	0	0	0	0	0	0	146033	162840	553578	22	25
RH-MESH	305352	428577		0	0	0	0	0	0	0	0	305351	1	0	0	305351	0	0	1	0	0	0	0	0	0	0		0	0	0	0	0	0	0	0	428577	0	0	0
RNAO	809	1159		0	0	0	0	66	0	0	0	723	20	0	0	723	0	0	20	0	0	0	0	0	0	0		0	0	0	0	0	97	27	0	689	346	0	0
RNPRIO	80	79		0	0	0	0	0	0	0	0	80	0	0	0	80	0	0	0	0	0	0	0	0	0	0		0	0	0	0	0	0	0	0	79	0	0	0
RNRMU	2311	2310		0	0	0	0	0	0	0	0	2310	1	0	0	2310	0	0	1	0	0	0	0	0	0	0		0	0	0	0	0	0	0	0	2310	0	0	0
RO	564	526		0	0	0	0	0	0	0	0	556	8	0	0	556	0	0	8	0	0	0	0	0	0	0		0	0	0	0	0	20	17	0	462	0	0	0
ROCKNROLLTEST	3	2		0	0	0	0	0	0	0	0	2	1	0	0	2	0	0	1	0	0	0	0	0	0	0		0	0	0	0	0	0	0	0	1	0	0	0
ROLEO	2166	2125		0	0	0	0	0	0	0	0	2165	1	0	0	2165	0	0	1	0	0	0	0	0	0	0		0	0	0	0	0	0	0	0	2125	0	0	0
ROO	1522	1705		0	0	0	0	0	0	0	0	1522	0	0	0	1522	0	0	0	0	0	0	0	0	0	0		0	0	0	0	0	214	51	0	1440	0	0	0
ROS	419	416		0	0	0	0	0	0	0	0	419	0	0	0	419	0	0	0	0	0	0	0	0	0	0		0	0	0	0	0	0	0	0	416	0	0	0
RPO	1548	1546		0	0	0	0	0	0	0	0	1547	1	0	0	1547	0	0	1	0	0	0	0	0	0	0		0	0	0	0	0	0	0	0	1546	0	0	0
RS	5050	6855		0	0	0	0	0	0	0	0	5049	1	0	0	5049	0	0	1	0	0	0	0	0	0	0		0	0	0	0	0	0	0	0	6855	0	0	0
RSA	19	15		0	0	0	0	0	0	0	0	16	3	0	0	16	0	0	3	0	0	0	0	0	0	0		0	0	0	0	0	1	0	0	10	0	0	0
RVO	22	20		0	0	0	0	0	0	0	0	17	5	0	0	17	0	0	5	0	0	0	0	0	0	0		0	0	0	0	0	3	0	0	12	0	0	0
RXNO	1102	1668		0	0	0	0	283	0	0	0	818	1	0	0	818	0	0	1	0	0	0	0	0	0	0		0	0	0	0	6	8	0	0	1124	530	0	0
RXNORM	106874	798989		0	0	0	0	0	0	0	0	106874	0	0	0	106874	0	0	0	0	0	0	0	0	0	0		0	0	0	0	130832	15	4	140858	147819	245399	0	0
SAO	848	799		0	0	0	0	0	0	0	0	848	0	0	0	848	0	0	0	0	0	0	0	0	0	0		0	0	0	0	0	25	11	0	763	0	0	0
SARSMUTONTO	3667	3666		0	0	0	0	0	0	0	0	3667	0	0	0	3667	0	0	0	0	0	0	0	0	0	0		0	0	0	0	0	0	0	0	1615	0	0	0
SBO	663	685		0	0	0	0	0	0	0	0	662	1	0	0	662	0	0	1	0	0	0	0	0	0	0		0	0	0	0	0	0	0	0	685	0	0	0
SBOL	65	52		0	0	0	0	0	0	0	0	51	1	0	0	51	0	0	1	0	13	0	0	0	0	0		0	0	0	0	0	0	1	0	40	11	0	0
SCDO	2251	6187		0	0	0	0	11	0	0	0	1947	0	0	0	1947	0	0	0	1	0	0	292	0	0	0		0	0	0	0	0	48	0	0	2360	3739	0	0
SCHEMA	2303	2099		0	0	0	0	0	0	0	0	2295	8	0	0	2295	0	0	8	0	0	0	0	0	0	0		0	0	0	0	0	92	0	0	944	787	0	0
SCIO	2455	7390		0	0	0	0	0	0	0	0	2452	3	0	0	2452	0	0	3	0	0	0	0	0	0	0		0	0	0	0	0	52	22	0	532	4411	0	0
SCO	4188	4502		0	0	0	0	0	0	1	0	4159	15	0	0	4159	0	0	15	0	0	0	11	2	0	0		0	0	0	0	0	475	212	0	3729	7	0	0
SD3	73	56		0	0	0	0	0	0	0	0	73	0	0	0	73	0	0	0	0	0	0	0	0	0	0		0	0	0	0	0	0	0	0	56	0	0	0
SDO	1524	1912		0	0	0	0	0	0	0	0	1518	6	0	0	1518	0	0	6	0	0	0	0	0	0	0		0	0	0	0	0	20	18	0	1436	402	0	0
SEDI	6007	1450		0	0	0	0	0	0	0	0	5976	31	0	0	5976	0	0	31	0	0	0	0	0	0	0		0	0	0	0	0	24	3	0	1423	0	0	0
SENSO	10	4		0	0	0	0	0	0	0	0	9	1	0	0	9	0	0	1	0	0	0	0	0	0	0		0	0	0	0	0	0	0	0	4	0	0	0
SEP	674	666		0	0	0	0	0	0	0	0	673	1	0	0	673	0	0	1	0	0	0	0	0	0	0		0	0	0	0	0	0	0	0	628	38	0	0
SEPIO	302	223		0	0	0	0	0	0	0	0	298	4	0	0	298	0	0	4	0	0	0	0	0	0	0		0	0	0	1	3	52	10	0	115	13	0	0
SEQ	7	4		0	0	0	0	0	0	0	0	7	0	0	0	7	0	0	0	0	0	0	0	0	0	0		0	0	0	0	0	2	2	0	0	0	0	0
SHR	297	313		0	0	0	0	0	0	0	0	295	2	0	0	295	0	0	2	0	0	0	0	0	0	0		0	0	0	0	0	1	0	0	312	0	0	0
SIBO	540	1033		0	0	0	0	0	0	0	0	538	1	0	0	538	1	0	1	0	0	0	0	0	0	0		0	0	0	0	0	0	0	0	450	583	0	0
SIO	1812	1884		0	0	0	0	0	0	0	0	1811	1	0	0	1811	0	0	1	0	0	0	0	0	0	0		0	0	0	0	0	217	84	0	1583	0	0	0
SITBAC	345	569		0	0	0	0	0	0	0	0	345	0	0	0	345	0	0	0	0	0	0	0	0	0	0		0	0	0	0	0	0	0	0	177	229	0	0
SK	43	42		0	0	0	0	0	0	0	0	42	1	0	0	42	0	0	1	0	0	0	0	0	0	0		0	0	0	0	0	0	0	0	38	0	0	0
SMASH	314	294		0	0	0	0	0	0	0	0	252	62	0	0	252	0	0	62	0	0	0	0	0	0	0		0	0	0	0	0	57	2	0	189	3	0	0
SNMI	109192	321680		0	0	0	0	0	0	0	0	109191	1	0	0	109191	0	0	1	0	0	0	0	0	0	0		0	0	0	0	0	15	4	0	109032	212629	0	0
SNOMEDCT	0	0		0	0	0	0	0	0	0	0	0	0	0	0	0	0	0	0	0	0	0	0	0	0	0		0	0	0	0	0	0	0	0	0	0	0	0
SNPO	155	190		0	0	0	0	0	0	0	0	92	63	0	0	92	0	0	63	0	0	0	0	0	0	0		0	0	0	0	0	31	32	0	127	0	0	0
SO	2806	2964		0	0	0	0	0	0	0	0	174	1	0	0	174	0	0	1	0	2631	0	0	0	0	0		0	0	0	0	0	9	0	0	2515	440	0	0
SOCPRES	56	54		0	0	0	0	0	0	0	0	55	1	0	0	55	0	0	1	0	0	0	0	0	0	0		0	0	0	0	0	0	0	0	54	0	0	0
SOPHARM	190	175		0	0	0	0	0	0	0	0	186	4	0	0	186	0	0	4	0	0	0	0	0	0	0		0	0	0	0	0	9	17	0	132	0	0	0
SOS	65	64		0	0	0	0	0	0	0	0	64	1	0	0	64	0	0	1	0	0	0	0	0	0	0		0	0	0	0	0	0	0	0	64	0	0	0
SOY	1845	1833		0	0	0	0	0	0	0	0	1844	1	0	0	1844	0	0	1	0	0	0	0	0	0	0		0	0	0	0	0	0	0	0	1833	0	0	0
SP	616	673		0	0	0	0	70	0	7	0	529	1	0	0	529	3	0	1	0	0	0	0	6	0	0		0	9	0	0	0	4	3	0	507	91	0	0
SPD	845	620		0	0	0	0	0	0	0	0	844	1	0	0	844	0	0	1	0	0	0	0	0	0	0		0	0	0	0	0	0	0	0	618	2	0	0
SPO	375	570		0	0	0	0	0	0	0	0	372	3	0	0	372	0	0	3	0	0	0	0	0	0	0		0	0	0	0	0	33	14	0	339	184	0	0
SPTO	503	623		0	0	0	0	0	0	0	0	502	1	0	0	502	0	0	1	0	0	0	0	0	0	0		0	0	0	0	0	0	0	0	475	148	0	0
SSE	1495	2586		0	0	0	0	0	0	0	0	1385	110	0	0	1385	0	0	110	0	0	0	0	0	0	0		0	0	0	0	0	15	4	0	244	1103	0	0
SSN	64	39		0	0	0	0	0	0	0	0	64	0	0	0	64	0	0	0	0	0	0	0	0	0	0		0	0	0	0	0	1	13	0	23	0	0	0
SSO	187	635		0	0	0	0	0	0	0	0	176	11	0	0	176	0	0	11	0	0	0	0	0	0	0		0	0	0	0	0	0	5	0	176	296	0	0
STATO	1007	1706		0	0	0	0	7	0	3	0	979	1	0	0	979	13	0	1	1	1	0	0	2	0	0		0	7	0	156	232	34	21	0	962	265	0	0
STO-DRAFT	1807	2030		0	0	0	0	0	0	0	0	1807	0	0	0	1807	0	0	0	0	0	0	0	0	0	0		0	0	0	0	0	0	1	0	1960	0	0	0
STY	128	127		0	0	0	0	0	0	0	0	127	1	0	0	127	0	0	1	0	0	0	0	0	0	0		0	0	0	0	0	0	0	0	127	0	0	0
SURGICAL	122	125		0	0	0	0	0	0	0	0	122	0	0	0	122	0	0	0	0	0	0	0	0	0	0		0	0	0	0	0	0	0	0	50	0	0	0
SWEET	7286	9806		0	0	0	0	0	0	0	0	7276	10	0	0	7276	0	0	10	0	0	0	0	0	0	0		0	0	0	0	0	119	16	0	6656	785	0	0
SWO	2039	2602		0	0	0	0	0	0	0	0	2037	2	0	0	2037	0	0	2	0	0	0	0	0	0	0		2	0	0	0	0	20	10	0	2438	16	0	0
SYMP	954	848		0	0	0	0	0	0	0	0	953	1	0	0	953	0	0	1	0	0	0	0	0	0	0		0	0	0	0	0	0	0	0	848	0	0	0
SYN	14463	15360		0	0	0	0	0	0	0	0	14462	1	0	0	14462	0	0	1	0	0	0	0	0	0	0		0	0	0	0	0	0	0	0	15360	0	0	0
TADS	637	285		0	0	0	0	0	0	0	0	636	1	0	0	636	0	0	1	0	0	0	0	0	0	0		0	0	0	0	0	0	0	0	285	0	0	0
TAO	3473	2694		0	0	0	0	0	0	41	20	3411	1	0	0	3411	0	0	1	0	0	0	0	0	0	0		0	0	0	0	4	2	2	0	2516	7	0	0
TAXRANK	69	61		0	0	0	0	0	0	0	0	7	0	0	0	7	0	0	0	0	0	0	0	0	0	62		0	0	0	0	0	0	0	0	61	0	0	0
TCDO	2082	2059		0	0	0	0	0	0	1	0	1211	1	0	0	1211	869	0	1	0	0	0	0	0	0	0		0	0	0	0	4	25	8	0	1992	3	0	0
TCO	579	593		0	0	0	0	0	0	0	0	578	1	0	0	578	0	0	1	0	0	0	0	0	0	0		0	0	0	0	0	0	0	0	593	0	0	0
TDWGSPEC	49	16		0	0	0	0	0	0	0	0	48	1	0	0	48	0	0	1	0	0	0	0	0	0	0		0	0	0	0	0	0	0	0	9	0	0	0
TEDDY	185	202		0	0	0	0	0	0	0	0	184	1	0	0	184	0	0	1	0	0	0	0	0	0	0		0	0	0	0	0	5	3	0	191	3	0	0
TEO	1160	1411		0	0	0	0	0	0	0	0	1159	1	0	0	1159	0	0	1	0	0	0	0	0	0	0		0	0	1	9	38	51	21	0	1237	21	0	0
TESTEX	102	124		0	0	0	0	0	0	0	0	102	0	0	0	102	0	0	0	0	0	0	0	0	0	0		0	0	0	0	0	0	0	0	124	0	0	0
TEST_A	102	124		0	0	0	0	0	0	0	0	102	0	0	0	102	0	0	0	0	0	0	0	0	0	0		0	0	0	0	0	0	0	0	124	0	0	0
TEST_CBI	7	5		0	0	0	0	0	0	0	0	6	1	0	0	6	0	0	1	0	0	0	0	0	0	0		0	0	0	0	0	0	0	0	5	0	0	0
TGMA	1879	781		0	0	0	0	0	0	0	0	1878	1	0	0	1878	0	0	1	0	0	0	0	0	0	0		0	0	0	0	0	0	0	0	781	0	0	0
TIM	1676	1692		0	0	0	1	0	0	42	0	1576	10	0	0	1576	24	0	10	0	0	0	0	23	0	0		0	0	0	0	0	82	10	0	1531	6	0	0
TIME	98	54		0	0	0	0	0	0	0	0	98	0	0	0	98	0	0	0	0	0	0	0	0	0	0		0	0	0	0	0	13	7	0	20	0	0	0
TIMEBANK	207	163		0	0	0	0	0	0	0	0	207	0	0	0	207	0	0	0	0	0	0	0	0	0	0		0	0	0	0	0	0	24	0	132	0	0	0
TM-CONST	31	20		0	0	0	0	0	0	0	0	30	1	0	0	30	0	0	1	0	0	0	0	0	0	0		0	0	0	0	0	0	0	0	20	0	0	0
TM-MER	32	20		0	0	0	0	0	0	0	0	31	1	0	0	31	0	0	1	0	0	0	0	0	0	0		0	0	0	0	0	0	0	0	20	0	0	0
TM-OTHER-FACTORS	23	12		0	0	0	0	0	0	0	0	22	1	0	0	22	0	0	1	0	0	0	0	0	0	0		0	0	0	0	0	0	0	0	12	0	0	0
TM-SIGNS-AND-SYMPTS	336	325		0	0	0	0	0	0	0	0	335	1	0	0	335	0	0	1	0	0	0	0	0	0	0		0	0	0	0	0	0	0	0	325	0	0	0
TMA	33	13		0	0	0	0	0	0	0	0	32	1	0	0	32	0	0	1	0	0	0	0	0	0	0		0	0	0	0	0	0	4	0	9	0	0	0
TML	16	15		0	0	0	0	0	0	0	0	15	1	0	0	15	0	0	1	0	0	0	0	0	0	0		0	0	0	0	0	0	0	0	12	0	0	0
TMO	261	255		0	0	0	0	0	0	0	0	252	9	0	0	252	0	0	9	0	0	0	0	0	0	0		0	0	0	0	0	6	2	0	225	7	0	0
TOK	332	256		0	0	0	0	0	0	0	0	332	0	0	0	332	0	0	0	0	0	0	0	0	0	0		0	0	0	0	0	12	2	0	192	0	0	0
TOP-MENELAS	759	755		0	0	0	0	0	0	0	0	757	2	0	0	757	0	0	2	0	0	0	0	0	0	0		0	0	0	0	0	297	0	0	458	0	0	0
TRAK	1646	2141		0	0	0	0	0	0	0	0	1645	1	0	0	1645	0	0	1	0	0	0	0	0	0	0		0	0	0	0	0	15	0	0	1636	490	0	0
TRANS	119	128		0	0	0	0	0	0	0	0	117	2	0	0	117	0	0	2	0	0	0	0	0	0	0		0	0	0	0	0	1	0	0	45	0	0	0
TRIAGE	39	37		0	0	0	0	0	0	0	0	32	7	0	0	32	0	0	7	0	0	0	0	0	0	0		0	0	0	0	0	5	0	0	32	0	0	0
TRON	978	1375		0	0	0	0	0	0	0	0	977	1	0	0	977	0	0	1	0	0	0	0	0	0	0		0	0	0	0	0	1	0	0	1374	0	0	0
TTO	38724	38640		0	0	0	0	0	0	0	0	38723	1	0	0	38723	0	0	1	0	0	0	0	0	0	0		0	0	0	0	0	0	0	0	38640	0	0	0
TXPO	9631	20421		0	0	0	0	736	0	40	13	8692	1	0	0	8692	27	0	1	1	2	0	3	116	0	0		1361	0	0	769	2514	54	28	0	11818	3633	32	126
TYPON	93	52		0	0	0	0	0	0	0	0	86	1	0	0	86	0	0	1	0	6	0	0	0	0	0		0	0	0	0	0	2	0	0	50	0	0	0
UBERON	21159	42097		0	0	0	0	300	0	2642	0	2305	1	0	0	2305	369	0	1	13	0	0	0	15529	0	0		111	34	0	0	1498	262	49	612	32430	2560	196	196
UGANDA_DISEASES	332	310		0	0	0	0	0	0	0	0	331	1	0	0	331	0	0	1	0	0	0	0	0	0	0		0	0	0	0	0	0	0	0	2	0	0	0
UNITSONT	66	64		0	0	0	0	0	0	0	0	66	0	0	0	66	0	0	0	0	0	0	0	0	0	0		0	0	0	0	0	0	0	0	63	0	0	0
UO	608	827		0	0	0	0	0	0	0	0	607	1	0	0	607	0	0	1	0	0	0	0	0	0	0		0	0	0	0	0	0	0	0	827	0	0	0
UPA	4782	5719		0	0	0	0	0	0	0	0	2742	1	0	0	2742	0	986	1	0	0	1053	0	0	0	0		0	0	0	0	0	108	21	0	4928	662	0	0
UPHENO	160467	262260		49	0	0	0	2744	713	3163	8872	110562	1	0	0	110562	77	529	1	350	5	0	16601	17514	0	0		1537	232	0	10	1392	301	53	377	238742	7201	1343	1343
VANDF	29685	146023		0	0	0	0	0	0	0	0	29685	0	0	0	29685	0	0	0	0	0	0	0	0	0	0		0	0	0	0	0	15	4	0	126	145878	0	0
VARIO	524	507		0	0	0	0	0	0	0	0	523	1	0	0	523	0	0	1	0	0	0	0	0	0	0		0	0	0	0	0	0	0	0	507	0	0	0
VDOT	584	655		0	0	0	0	26	0	0	0	557	0	0	0	557	1	0	0	0	0	0	0	0	0	0		5	0	0	0	8	6	10	0	518	97	0	0
VEO	806	1067		0	0	0	0	0	0	0	0	806	0	0	0	806	0	0	0	0	0	0	0	0	0	0		0	0	0	3	55	2	1	0	966	25	0	0
VFB_DRIVERS	26523	29066		0	0	0	0	0	0	0	1	26519	1	0	0	26519	1	0	1	0	1	0	0	0	0	0		0	0	0	0	0	96	22	0	26429	2519	0	0
VHOG	1196	508		0	0	0	0	0	0	0	0	1195	1	0	0	1195	0	0	1	0	0	0	0	0	0	0		0	0	0	0	0	0	0	0	508	0	0	0
VICO	958	1919		0	0	0	0	13	0	0	0	879	4	0	0	879	57	0	4	0	0	0	0	5	0	0		0	0	0	2	404	44	21	0	723	512	0	0
VIDO	533	519		0	0	0	0	8	0	1	0	507	1	0	0	507	12	0	1	0	0	0	0	4	0	0		1	12	0	0	3	19	17	0	428	37	0	0
VIO	162	128		0	0	0	0	0	0	0	0	161	1	0	0	161	0	0	1	0	0	0	0	0	0	0		0	0	0	1	3	20	11	0	80	14	0	0
VIVO	833	513		0	0	0	0	0	0	0	0	830	3	0	0	830	0	0	3	0	0	0	0	0	0	0		0	0	0	0	1	30	57	0	420	4	0	0
VIVO-ISF	898	524		0	0	0	0	0	0	0	0	896	2	0	0	896	0	0	2	0	0	0	0	0	0	0		0	0	0	0	0	30	57	0	421	1	0	0
VO	7624	14105		0	0	0	0	23	7	9	3	7075	1	0	0	7075	489	0	1	1	0	0	0	23	0	0		2794	4	0	14	1218	215	8	0	6887	2534	0	0
VODANA-GENERAL	204	167		0	0	0	0	0	0	0	0	203	1	0	0	203	0	0	1	0	0	0	0	0	0	0		0	0	0	0	0	0	0	0	2	0	0	0
VODANA-MI	78	72		0	0	0	0	0	0	0	0	77	1	0	0	77	0	0	1	0	0	0	0	0	0	0		0	0	0	0	0	0	0	0	2	0	0	0
VODANA-MIGRANTS	274	252		0	0	0	0	0	0	0	0	273	1	0	0	273	0	0	1	0	0	0	0	0	0	0		0	0	0	0	0	0	0	0	2	0	0	0
VODANA-MPA	205	188		0	0	0	0	0	0	0	0	204	1	0	0	204	0	0	1	0	0	0	0	0	0	0		0	0	0	0	0	0	0	0	2	0	0	0
VODANA-UG	24	0		0	0	0	0	0	0	0	0	24	0	0	0	24	0	0	0	0	0	0	0	0	0	0		0	0	0	0	0	0	0	0	0	0	0	0
VODANA-UG-OPD	52	26		0	0	0	0	0	0	0	0	51	1	0	0	51	0	0	1	0	0	0	0	0	0	0		0	0	0	0	0	0	0	0	2	0	0	0
VODANACOVID	64	56		0	0	0	0	0	0	0	0	63	1	0	0	63	0	0	1	0	0	0	0	0	0	0		0	0	0	0	0	0	0	0	2	0	0	0
VODANADISEASES	249	248		0	0	0	0	0	0	0	0	248	1	0	0	248	0	0	1	0	0	0	0	0	0	0		0	0	0	0	0	0	0	0	2	0	0	0
VODANAKENYA	57	30		0	0	0	0	0	0	0	0	56	1	0	0	56	0	0	1	0	0	0	0	0	0	0		0	0	0	0	0	0	0	0	2	0	0	0
VODANAMFLCODE	95	94		0	0	0	0	0	0	0	0	94	1	0	0	94	0	0	1	0	0	0	0	0	0	0		0	0	0	0	0	0	0	0	2	0	0	0
VODANAUGANDA	53	33		0	0	0	0	0	0	0	0	52	1	0	0	52	0	0	1	0	0	0	0	0	0	0		0	0	0	0	0	0	0	0	2	0	0	0
VODANA_UG	56	38		0	0	0	0	0	0	0	0	55	1	0	0	55	0	0	1	0	0	0	0	0	0	0		0	0	0	0	0	0	0	0	2	0	0	0
VSAO	347	319		0	0	0	0	0	0	36	20	290	1	0	0	290	0	0	1	0	0	0	0	0	0	0		0	0	0	0	4	2	2	0	287	6	0	0
VSO	915	903		0	0	0	0	0	0	3	0	910	2	0	0	910	0	0	2	0	0	0	0	0	0	0		0	0	0	0	1	647	108	0	147	0	0	0
VT	3740	4283		0	0	0	0	0	0	0	0	3739	1	0	0	3739	0	0	1	0	0	0	0	0	0	0		0	0	0	0	0	0	0	0	4283	0	0	0
VTO	110483	107066		0	0	0	0	0	0	0	0	110420	1	0	0	110420	0	0	1	0	0	0	0	0	0	62		0	0	0	0	0	0	0	0	107066	0	0	0
WB-BT	7739	11088		0	0	0	0	0	0	0	0	7738	1	0	0	7738	0	0	1	0	0	0	0	0	0	0		0	0	0	0	0	127	25	0	8170	2766	0	0
WB-LS	767	781		0	0	0	0	0	0	0	0	766	1	0	0	766	0	0	1	0	0	0	0	0	0	0		0	674	0	0	0	1	0	0	106	0	0	0
WB-PHENOTYPE	2723	3351		0	0	0	0	0	0	0	0	2722	1	0	0	2722	0	0	1	0	0	0	0	0	0	0		0	0	0	0	0	1	1	0	3349	0	0	0
WC	280	273		0	0	0	0	0	0	0	0	279	1	0	0	279	0	0	1	0	0	0	0	0	0	0		0	0	0	0	0	0	0	0	273	0	0	0
WEAR	29	29		0	0	0	0	0	0	0	0	28	1	0	0	28	0	0	1	0	0	0	0	0	0	0		0	0	0	0	0	0	0	0	2	0	0	0
WEAVE	22	22		0	0	0	0	0	0	0	0	21	1	0	0	21	0	0	1	0	0	0	0	0	0	0		0	0	0	0	0	0	0	0	2	0	0	0
WETAXTOPICS	74	72		0	0	0	0	0	0	0	0	73	1	0	0	73	0	0	1	0	0	0	0	0	0	0		0	0	0	0	0	0	0	0	2	0	0	0
WHO-ART	1887	8085		0	0	0	0	0	0	0	0	1886	1	0	0	1886	0	0	1	0	0	0	0	0	0	0		0	0	0	0	0	15	4	0	2998	5068	0	0
WIKIPATHWAYS	47	34		0	0	0	0	0	0	0	0	45	2	0	0	45	0	0	2	0	0	0	0	0	0	0		0	0	0	0	0	1	0	0	32	0	0	0
WSIO	63	36		0	0	0	0	0	0	0	0	62	1	0	0	62	0	0	1	0	0	0	0	0	0	0		0	0	0	0	0	0	5	0	31	0	0	0
XAO	1811	4984		0	0	0	0	0	0	0	0	1810	1	0	0	1810	0	0	1	0	0	0	0	0	0	0		0	0	0	0	0	0	0	0	1743	3241	0	0
XCO	930	1088		0	0	0	0	10	0	0	0	919	1	0	0	919	0	0	1	0	0	0	0	0	0	0		0	0	0	0	0	0	0	0	1051	0	0	0
XEO	153	241		0	0	0	0	0	0	0	0	152	1	0	0	152	0	0	1	0	0	0	0	0	0	0		0	0	0	0	0	0	0	0	145	96	0	0
XLMOD	1127	2964		0	0	0	0	0	0	0	0	1126	1	0	0	1126	0	0	1	0	0	0	0	0	0	0		0	0	0	0	0	0	0	0	1156	1808	0	0
XPO	24304	41381		0	0	0	0	1	45	47	1080	23148	0	0	0	23148	0	27	0	0	0	0	0	1	0	0		0	0	0	0	16	112	19	0	38949	1705	171	175
XREF-FUNDER-REG	117817	117816		0	0	0	0	0	0	0	0	117816	1	0	0	117816	0	0	1	0	0	0	0	0	0	0		0	0	0	0	0	0	0	0	5	0	0	0
ZEA	189	72		0	0	0	0	0	0	0	0	188	1	0	0	188	0	0	1	0	0	0	0	0	0	0		0	0	0	0	0	0	0	0	72	0	0	0
ZECO	178	173		0	0	0	0	0	0	0	0	177	1	0	0	177	0	0	1	0	0	0	0	0	0	0		0	0	0	0	0	0	1	0	172	0	0	0
ZFA	3233	3264		0	0	0	0	0	0	0	0	3232	1	0	0	3232	0	0	1	0	0	0	0	0	0	0		0	0	0	0	0	2	1	0	3186	11	0	0
ZONMW-ADMIN-MD	234	233		0	0	0	0	0	0	0	0	233	1	0	0	233	0	0	1	0	0	0	0	0	0	0		0	0	0	0	0	0	0	0	2	0	0	0
ZONMW-CONTENT	277	275		0	0	0	0	0	0	0	0	276	1	0	0	276	0	0	1	0	0	0	0	0	0	0		0	0	0	0	0	0	0	0	2	0	0	0
ZONMW-GENERIC	108	107		0	0	0	0	0	0	0	0	107	1	0	0	107	0	0	1	0	0	0	0	0	0	0		0	0	0	0	0	0	0	0	2	0	0	0
ZP	46025	99506		0	0	0	0	1422	657	659	7427	35295	0	0	0	35295	0	416	0	0	0	0	0	806	0	0		587	8	0	0	290	223	48	39	91686	770	1094	1098
pseudo	31	23		0	0	0	0	0	0	0	0	30	1	0	0	30	0	0	1	0	0	0	0	0	0	0		0	0	0	0	0	0	0	0	23	0	0	0
suicideo	408	421		0	0	0	0	0	0	0	0	406	0	0	0	406	0	0	0	0	0	0	2	0	0	0		0	0	0	0	0	0	0	0	311	18	0	0
